INSERT INTO teacher VALUES (100103, '桂丽萍', '女', '计算机科学与网络工程学院', '教师', 123456);
INSERT INTO teacher VALUES (100210, '刘淼', '男', '计算机科学与网络工程学院', '教师', 123456);
INSERT INTO teacher VALUES (100276, '谭建中', '男', '计算机科学与网络工程学院', '教师', 123456);
INSERT INTO teacher VALUES (100625, '高鹰', '男', '计算机科学与网络工程学院', '教师', 123456);
INSERT INTO teacher VALUES (100755, '李传中', '男', '计算机科学与网络工程学院', '教师', 123456);
INSERT INTO teacher VALUES (100776, '李鹏', '男', '计算机科学与网络工程学院', '教师', 123456);
INSERT INTO teacher VALUES (100983, '丘凯伦', '男', '计算机科学与网络工程学院', '主任', 123456);
INSERT INTO teacher VALUES (101038, '汤泳山', '男', '计算机科学与网络工程学院', '教师', 123456);
INSERT INTO teacher VALUES (101048, '陶文正', '男', '计算机科学与网络工程学院', '教师', 123456);
INSERT INTO teacher VALUES (101469, '古鹏', '男', '计算机科学与网络工程学院', '教师', 123456);
INSERT INTO teacher VALUES (101540, '金政哲', '男', '计算机科学与网络工程学院', '教师', 123456);
INSERT INTO teacher VALUES (101621, '刘斌', '男', '计算机科学与网络工程学院', '教师', 123456);
INSERT INTO teacher VALUES (101629, '刘敏华', '女', '计算机科学与网络工程学院', '教师', 123456);
INSERT INTO teacher VALUES (102047, '揭廷红', '女', '计算机科学与网络工程学院', '教师', 123456);
INSERT INTO teacher VALUES (102083, '李雨霞', '男', '计算机科学与网络工程学院', '教师', 123456);
INSERT INTO teacher VALUES (102209, '汤茂斌', '男', '计算机科学与网络工程学院', '教师', 123456);
INSERT INTO teacher VALUES (102420, '饶永生', '男', '计算机科学与网络工程学院', '教师', 123456);
INSERT INTO teacher VALUES (102625, '郭四稳', '男', '计算机科学与网络工程学院', '教师', 123456);
INSERT INTO teacher VALUES (102675, '唐琳', '女', '计算机科学与网络工程学院', '教师', 123456);
INSERT INTO teacher VALUES (102726, '綦科', '男', '计算机科学与网络工程学院', '教师', 123456);
INSERT INTO teacher VALUES (103168, '冯元勇', '男', '计算机科学与网络工程学院', '教师', 123456);
INSERT INTO teacher VALUES (103304, '王秀妮', '女', '计算机科学与网络工程学院', '教师', 123456);
INSERT INTO teacher VALUES (103321, '李进', '男', '计算机科学与网络工程学院', '教师', 123456);
INSERT INTO teacher VALUES (103325, '王健雄', '男', '计算机科学与网络工程学院', '教师', 123456);
INSERT INTO teacher VALUES (103745, '何锫', '男', '计算机科学与网络工程学院', '教师', 123456);
INSERT INTO teacher VALUES (104029, '王国军', '男', '计算机科学与网络工程学院', '教师', 123456);
INSERT INTO teacher VALUES (104087, '唐卷', '男', '计算机科学与网络工程学院', '教师', 123456);
INSERT INTO teacher VALUES (104103, '王艳', '女', '计算机科学与网络工程学院', '教师', 123456);
INSERT INTO teacher VALUES (104123, '范立生', '男', '计算机科学与网络工程学院', '教师', 123456);
INSERT INTO teacher VALUES (104334, '谭伟强', '男', '计算机科学与网络工程学院', '教师', 123456);
INSERT INTO teacher VALUES (104353, '李婧', '女', '计算机科学与网络工程学院', '教师', 123456);
INSERT INTO teacher VALUES (104363, '彭滔', '男', '计算机科学与网络工程学院', '教师', 123456);
INSERT INTO teacher VALUES (104387, '方美娥', '女', '计算机科学与网络工程学院', '教师', 123456);
INSERT INTO teacher VALUES (104632, '王员根', '男', '计算机科学与网络工程学院', '教师', 123456);
INSERT INTO teacher VALUES (104648, '王显珉', '男', '计算机科学与网络工程学院', '教师', 123456);
INSERT INTO teacher VALUES (105102, '赖根', '男', '计算机科学与网络工程学院', '教师', 123456);
INSERT INTO teacher VALUES (110001, '计机（外聘7）', '男', '计算机科学与网络工程学院', '教师', 123456);
INSERT INTO teacher VALUES (110002, '庄育飞', '男', '计算机科学与网络工程学院', '教师', 123456);
INSERT INTO teacher VALUES (110003, '计机（外聘3）', '男', '计算机科学与网络工程学院', '教师', 123456);
INSERT INTO teacher VALUES (110004, '计机（外聘4）', '男', '计算机科学与网络工程学院', '教师', 123456);
INSERT INTO teacher VALUES (110005, '杨朔', '男', '计算机科学与网络工程学院', '教师', 123456);
INSERT INTO teacher VALUES (110006, '吴际', '男', '计算机科学与网络工程学院', '教师', 123456);
INSERT INTO teacher VALUES (110007, '杨柳', '女', '计算机科学与网络工程学院', '教师', 123456);
INSERT INTO teacher VALUES (110008, '陈文彬', '男', '计算机科学与网络工程学院', '教师', 123456);
INSERT INTO teacher VALUES (110009, '吴昱', '男', '计算机科学与网络工程学院', '教师', 123456);
INSERT INTO teacher VALUES (204896, '谭恒良', '男', '计算机科学与网络工程学院', '教师', 123456);
INSERT INTO teacher VALUES (205039, '饶彦t', '男', '计算机科学与网络工程学院', '教师', 123456);
INSERT INTO teacher VALUES (205082, '宁洪', '男', '计算机科学与网络工程学院', '教师', 123456);
INSERT INTO class VALUES (18061001, 103321, '计科181');
INSERT INTO class VALUES (18061002, 204896, '计科182');
INSERT INTO class VALUES (18061003, 100755, '计科183');
INSERT INTO class VALUES (18061004, 104648, '计科184');
INSERT INTO class VALUES (18061005, 104334, '计科185');
INSERT INTO class VALUES (18061006, 104632, '计科186');
INSERT INTO student VALUES (1806100001, 18061002, '胡宁豪', '男', to_date('2018-09-01','YYYY-MM-DD'),'计算机科学与技术', 123456 );
INSERT INTO student VALUES (1806100002, 18061003, '王智玮', '男', to_date('2018-09-01','YYYY-MM-DD'),'计算机科学与技术', 123456 );
INSERT INTO student VALUES (1806100003, 18061005, '曾素芬', '女', to_date('2018-09-01','YYYY-MM-DD'),'计算机科学与技术', 123456 );
INSERT INTO student VALUES (1806100004, 18061004, '郑铮誉', '男', to_date('2018-09-01','YYYY-MM-DD'),'计算机科学与技术', 123456 );
INSERT INTO student VALUES (1806100005, 18061006, '陈杨辉', '男', to_date('2018-09-01','YYYY-MM-DD'),'计算机科学与技术', 123456 );
INSERT INTO student VALUES (1806100006, 18061003, '潘炜钊', '男', to_date('2018-09-01','YYYY-MM-DD'),'计算机科学与技术', 123456 );
INSERT INTO student VALUES (1806100007, 18061002, '朱焯贤', '男', to_date('2018-09-01','YYYY-MM-DD'),'计算机科学与技术', 123456 );
INSERT INTO student VALUES (1806100008, 18061003, '杨煜琦', '男', to_date('2018-09-01','YYYY-MM-DD'),'计算机科学与技术', 123456 );
INSERT INTO student VALUES (1806100009, 18061004, '叶文迪', '男', to_date('2018-09-01','YYYY-MM-DD'),'计算机科学与技术', 123456 );
INSERT INTO student VALUES (1806100010, 18061002, '钟小溪', '男', to_date('2018-09-01','YYYY-MM-DD'),'计算机科学与技术', 123456 );
INSERT INTO student VALUES (1806100011, 18061005, '黄明律', '男', to_date('2018-09-01','YYYY-MM-DD'),'计算机科学与技术', 123456 );
INSERT INTO student VALUES (1806100012, 18061006, '李嘉章', '男', to_date('2018-09-01','YYYY-MM-DD'),'计算机科学与技术', 123456 );
INSERT INTO student VALUES (1806100013, 18061006, '吴倍亮', '男', to_date('2018-09-01','YYYY-MM-DD'),'计算机科学与技术', 123456 );
INSERT INTO student VALUES (1806100014, 18061005, '赵善锋', '男', to_date('2018-09-01','YYYY-MM-DD'),'计算机科学与技术', 123456 );
INSERT INTO student VALUES (1806100015, 18061004, '陈虹桥', '男', to_date('2018-09-01','YYYY-MM-DD'),'计算机科学与技术', 123456 );
INSERT INTO student VALUES (1806100016, 18061003, '潘世良', '男', to_date('2018-09-01','YYYY-MM-DD'),'计算机科学与技术', 123456 );
INSERT INTO student VALUES (1806100017, 18061002, '李沛岳', '男', to_date('2018-09-01','YYYY-MM-DD'),'计算机科学与技术', 123456 );
INSERT INTO student VALUES (1806100018, 18061002, '钟永强', '男', to_date('2018-09-01','YYYY-MM-DD'),'计算机科学与技术', 123456 );
INSERT INTO student VALUES (1806100019, 18061003, '舒斌', '男', to_date('2018-09-01','YYYY-MM-DD'),'计算机科学与技术', 123456 );
INSERT INTO student VALUES (1806100020, 18061004, '钟正希', '男', to_date('2018-09-01','YYYY-MM-DD'),'计算机科学与技术', 123456 );
INSERT INTO student VALUES (1806100021, 18061005, '许汝超', '男', to_date('2018-09-01','YYYY-MM-DD'),'计算机科学与技术', 123456 );
INSERT INTO student VALUES (1806100022, 18061006, '林健龙', '男', to_date('2018-09-01','YYYY-MM-DD'),'计算机科学与技术', 123456 );
INSERT INTO student VALUES (1806100023, 18061006, '欧阳豪', '男', to_date('2018-09-01','YYYY-MM-DD'),'计算机科学与技术', 123456 );
INSERT INTO student VALUES (1806100024, 18061005, '黄楠', '男', to_date('2018-09-01','YYYY-MM-DD'),'计算机科学与技术', 123456 );
INSERT INTO student VALUES (1806100025, 18061004, '陈炯彬', '男', to_date('2018-09-01','YYYY-MM-DD'),'计算机科学与技术', 123456 );
INSERT INTO student VALUES (1806100026, 18061003, '刘施展', '男', to_date('2018-09-01','YYYY-MM-DD'),'计算机科学与技术', 123456 );
INSERT INTO student VALUES (1806100027, 18061002, '麦子聪', '男', to_date('2018-09-01','YYYY-MM-DD'),'计算机科学与技术', 123456 );
INSERT INTO student VALUES (1806100028, 18061002, '阮学轩', '男', to_date('2018-09-01','YYYY-MM-DD'),'计算机科学与技术', 123456 );
INSERT INTO student VALUES (1806100029, 18061003, '刘泫淇', '男', to_date('2018-09-01','YYYY-MM-DD'),'计算机科学与技术', 123456 );
INSERT INTO student VALUES (1806100030, 18061004, '李泔青', '男', to_date('2018-09-01','YYYY-MM-DD'),'计算机科学与技术', 123456 );
INSERT INTO student VALUES (1806100031, 18061005, '黄昊晟', '男', to_date('2018-09-01','YYYY-MM-DD'),'计算机科学与技术', 123456 );
INSERT INTO student VALUES (1806100032, 18061006, '单雨菲', '女', to_date('2018-09-01','YYYY-MM-DD'),'计算机科学与技术', 123456 );
INSERT INTO student VALUES (1806100033, 18061003, '林淑欣', '女', to_date('2018-09-01','YYYY-MM-DD'),'计算机科学与技术', 123456 );
INSERT INTO student VALUES (1806100034, 18061004, '余子弋', '男', to_date('2018-09-01','YYYY-MM-DD'),'计算机科学与技术', 123456 );
INSERT INTO student VALUES (1806100035, 18061005, '侯永炬', '男', to_date('2018-09-01','YYYY-MM-DD'),'计算机科学与技术', 123456 );
INSERT INTO student VALUES (1806100036, 18061006, '潘鑫', '男', to_date('2018-09-01','YYYY-MM-DD'),'计算机科学与技术', 123456 );
INSERT INTO student VALUES (1806100037, 18061006, '吴世涛', '男', to_date('2018-09-01','YYYY-MM-DD'),'计算机科学与技术', 123456 );
INSERT INTO student VALUES (1806100038, 18061005, '钟权威', '男', to_date('2018-09-01','YYYY-MM-DD'),'计算机科学与技术', 123456 );
INSERT INTO student VALUES (1806100039, 18061004, '甘嘉城', '男', to_date('2018-09-01','YYYY-MM-DD'),'计算机科学与技术', 123456 );
INSERT INTO student VALUES (1806100040, 18061003, '黎扬宁', '男', to_date('2018-09-01','YYYY-MM-DD'),'计算机科学与技术', 123456 );
INSERT INTO student VALUES (1806100041, 18061002, '张英', '男', to_date('2018-09-01','YYYY-MM-DD'),'计算机科学与技术', 123456 );
INSERT INTO student VALUES (1806100042, 18061002, '钟其博', '男', to_date('2018-09-01','YYYY-MM-DD'),'计算机科学与技术', 123456 );
INSERT INTO student VALUES (1806100043, 18061003, '吴均铭', '男', to_date('2018-09-01','YYYY-MM-DD'),'计算机科学与技术', 123456 );
INSERT INTO student VALUES (1806100044, 18061004, '程允良', '男', to_date('2018-09-01','YYYY-MM-DD'),'计算机科学与技术', 123456 );
INSERT INTO student VALUES (1806100045, 18061005, '陈云', '男', to_date('2018-09-01','YYYY-MM-DD'),'计算机科学与技术', 123456 );
INSERT INTO student VALUES (1806100046, 18061006, '邱锦鸿', '男', to_date('2018-09-01','YYYY-MM-DD'),'计算机科学与技术', 123456 );
INSERT INTO student VALUES (1806100047, 18061006, '倪秋元', '男', to_date('2018-09-01','YYYY-MM-DD'),'计算机科学与技术', 123456 );
INSERT INTO student VALUES (1806100048, 18061004, '林星宇', '男', to_date('2018-09-01','YYYY-MM-DD'),'计算机科学与技术', 123456 );
INSERT INTO student VALUES (1806100049, 18061004, '黄灏', '男', to_date('2018-09-01','YYYY-MM-DD'),'计算机科学与技术', 123456 );
INSERT INTO student VALUES (1806100050, 18061003, '胡梦亭', '女', to_date('2018-09-01','YYYY-MM-DD'),'计算机科学与技术', 123456 );
INSERT INTO student VALUES (1806100051, 18061002, '陈泽敏', '女', to_date('2018-09-01','YYYY-MM-DD'),'计算机科学与技术', 123456 );
INSERT INTO student VALUES (1806100052, 18061002, '张烨', '男', to_date('2018-09-01','YYYY-MM-DD'),'计算机科学与技术', 123456 );
INSERT INTO student VALUES (1806100053, 18061003, '李晓华', '男', to_date('2018-09-01','YYYY-MM-DD'),'计算机科学与技术', 123456 );
INSERT INTO student VALUES (1806100054, 18061004, '黄思杰', '男', to_date('2018-09-01','YYYY-MM-DD'),'计算机科学与技术', 123456 );
INSERT INTO student VALUES (1806100055, 18061005, '詹义森', '男', to_date('2018-09-01','YYYY-MM-DD'),'计算机科学与技术', 123456 );
INSERT INTO student VALUES (1806100056, 18061006, '许统楠', '男', to_date('2018-09-01','YYYY-MM-DD'),'计算机科学与技术', 123456 );
INSERT INTO student VALUES (1806100057, 18061006, '吴毓豪', '男', to_date('2018-09-01','YYYY-MM-DD'),'计算机科学与技术', 123456 );
INSERT INTO student VALUES (1806100058, 18061005, '陈浩辉', '男', to_date('2018-09-01','YYYY-MM-DD'),'计算机科学与技术', 123456 );
INSERT INTO student VALUES (1806100059, 18061004, '潘劲', '男', to_date('2018-09-01','YYYY-MM-DD'),'计算机科学与技术', 123456 );
INSERT INTO student VALUES (1806100060, 18061005, '吴昕劢', '男', to_date('2018-09-01','YYYY-MM-DD'),'计算机科学与技术', 123456 );
INSERT INTO student VALUES (1806100061, 18061006, '王嘉成', '男', to_date('2018-09-01','YYYY-MM-DD'),'计算机科学与技术', 123456 );
INSERT INTO student VALUES (1806100062, 18061006, '张健明', '男', to_date('2018-09-01','YYYY-MM-DD'),'计算机科学与技术', 123456 );
INSERT INTO student VALUES (1806100063, 18061005, '罗佳彬', '男', to_date('2018-09-01','YYYY-MM-DD'),'计算机科学与技术', 123456 );
INSERT INTO student VALUES (1806100064, 18061002, '冯贺琳', '男', to_date('2018-09-01','YYYY-MM-DD'),'计算机科学与技术', 123456 );
INSERT INTO student VALUES (1806100065, 18061003, '吴嘉霖', '男', to_date('2018-09-01','YYYY-MM-DD'),'计算机科学与技术', 123456 );
INSERT INTO student VALUES (1806100066, 18061005, '钟佩如', '女', to_date('2018-09-01','YYYY-MM-DD'),'计算机科学与技术', 123456 );
INSERT INTO student VALUES (1806100067, 18061002, '李冠昊', '男', to_date('2018-09-01','YYYY-MM-DD'),'计算机科学与技术', 123456 );
INSERT INTO student VALUES (1806100068, 18061003, '全远建', '男', to_date('2018-09-01','YYYY-MM-DD'),'计算机科学与技术', 123456 );
INSERT INTO student VALUES (1806100069, 18061004, '文海天', '男', to_date('2018-09-01','YYYY-MM-DD'),'计算机科学与技术', 123456 );
INSERT INTO student VALUES (1806100070, 18061005, '黄禧龙', '男', to_date('2018-09-01','YYYY-MM-DD'),'计算机科学与技术', 123456 );
INSERT INTO student VALUES (1806100071, 18061006, '朱华昌', '男', to_date('2018-09-01','YYYY-MM-DD'),'计算机科学与技术', 123456 );
INSERT INTO student VALUES (1806100072, 18061006, '王添', '男', to_date('2018-09-01','YYYY-MM-DD'),'计算机科学与技术', 123456 );
INSERT INTO student VALUES (1806100073, 18061005, '邓丽姗', '女', to_date('2018-09-01','YYYY-MM-DD'),'计算机科学与技术', 123456 );
INSERT INTO student VALUES (1806100074, 18061004, '黄炜锋', '男', to_date('2018-09-01','YYYY-MM-DD'),'计算机科学与技术', 123456 );
INSERT INTO student VALUES (1806100075, 18061003, '罗嘉彬', '男', to_date('2018-09-01','YYYY-MM-DD'),'计算机科学与技术', 123456 );
INSERT INTO student VALUES (1806100076, 18061002, '林灿荣', '男', to_date('2018-09-01','YYYY-MM-DD'),'计算机科学与技术', 123456 );
INSERT INTO student VALUES (1806100077, 18061004, '邓茹婷', '女', to_date('2018-09-01','YYYY-MM-DD'),'计算机科学与技术', 123456 );
INSERT INTO student VALUES (1806100078, 18061005, '杨嘉明', '男', to_date('2018-09-01','YYYY-MM-DD'),'计算机科学与技术', 123456 );
INSERT INTO student VALUES (1806100079, 18061002, '潘梓杰', '男', to_date('2018-09-01','YYYY-MM-DD'),'计算机科学与技术', 123456 );
INSERT INTO student VALUES (1806100080, 18061003, '刘子涛', '男', to_date('2018-09-01','YYYY-MM-DD'),'计算机科学与技术', 123456 );
INSERT INTO student VALUES (1806100081, 18061002, '林良销', '男', to_date('2018-09-01','YYYY-MM-DD'),'计算机科学与技术', 123456 );
INSERT INTO student VALUES (1806100082, 18061002, '李嘉玲', '女', to_date('2018-09-01','YYYY-MM-DD'),'计算机科学与技术', 123456 );
INSERT INTO student VALUES (1806100083, 18061003, '黄运转', '男', to_date('2018-09-01','YYYY-MM-DD'),'计算机科学与技术', 123456 );
INSERT INTO student VALUES (1806100084, 18061004, '李泓文', '男', to_date('2018-09-01','YYYY-MM-DD'),'计算机科学与技术', 123456 );
INSERT INTO student VALUES (1806100085, 18061005, '覃浩', '男', to_date('2018-09-01','YYYY-MM-DD'),'计算机科学与技术', 123456 );
INSERT INTO student VALUES (1806100086, 18061006, '高智健', '男', to_date('2018-09-01','YYYY-MM-DD'),'计算机科学与技术', 123456 );
INSERT INTO student VALUES (1806100087, 18061006, '彭少淇', '女', to_date('2018-09-01','YYYY-MM-DD'),'计算机科学与技术', 123456 );
INSERT INTO student VALUES (1806100088, 18061005, '甘婷婷', '女', to_date('2018-09-01','YYYY-MM-DD'),'计算机科学与技术', 123456 );
INSERT INTO student VALUES (1806100089, 18061004, '黄莹', '女', to_date('2018-09-01','YYYY-MM-DD'),'计算机科学与技术', 123456 );
INSERT INTO student VALUES (1806100090, 18061003, '蒋为', '男', to_date('2018-09-01','YYYY-MM-DD'),'计算机科学与技术', 123456 );
INSERT INTO student VALUES (1806100091, 18061002, '冯镓棚', '男', to_date('2018-09-01','YYYY-MM-DD'),'计算机科学与技术', 123456 );
INSERT INTO student VALUES (1806100092, 18061002, '黄裕康', '男', to_date('2018-09-01','YYYY-MM-DD'),'计算机科学与技术', 123456 );
INSERT INTO student VALUES (1806100093, 18061003, '骆军林', '男', to_date('2018-09-01','YYYY-MM-DD'),'计算机科学与技术', 123456 );
INSERT INTO student VALUES (1806100094, 18061004, '邓志超', '男', to_date('2018-09-01','YYYY-MM-DD'),'计算机科学与技术', 123456 );
INSERT INTO student VALUES (1806100095, 18061002, '张志豪', '男', to_date('2018-09-01','YYYY-MM-DD'),'计算机科学与技术', 123456 );
INSERT INTO student VALUES (1806100096, 18061003, '梁皓钧', '男', to_date('2018-09-01','YYYY-MM-DD'),'计算机科学与技术', 123456 );
INSERT INTO student VALUES (1806100097, 18061004, '麦焕滨', '男', to_date('2018-09-01','YYYY-MM-DD'),'计算机科学与技术', 123456 );
INSERT INTO student VALUES (1806100098, 18061005, '梁耀武', '男', to_date('2018-09-01','YYYY-MM-DD'),'计算机科学与技术', 123456 );
INSERT INTO student VALUES (1806100099, 18061002, '涂有磊', '男', to_date('2018-09-01','YYYY-MM-DD'),'计算机科学与技术', 123456 );
INSERT INTO student VALUES (1806100100, 18061002, '温冠东', '男', to_date('2018-09-01','YYYY-MM-DD'),'计算机科学与技术', 123456 );
INSERT INTO student VALUES (1806100101, 18061005, '李松涛', '男', to_date('2018-09-01','YYYY-MM-DD'),'计算机科学与技术', 123456 );
INSERT INTO student VALUES (1806100102, 18061002, '廖润深', '男', to_date('2018-09-01','YYYY-MM-DD'),'计算机科学与技术', 123456 );
INSERT INTO student VALUES (1806100103, 18061003, '陈宏臻', '男', to_date('2018-09-01','YYYY-MM-DD'),'计算机科学与技术', 123456 );
INSERT INTO student VALUES (1806100104, 18061002, '莫广贤', '男', to_date('2018-09-01','YYYY-MM-DD'),'计算机科学与技术', 123456 );
INSERT INTO student VALUES (1806100105, 18061002, '陈敏琪', '女', to_date('2018-09-01','YYYY-MM-DD'),'计算机科学与技术', 123456 );
INSERT INTO student VALUES (1806100106, 18061003, '蔡广贤', '男', to_date('2018-09-01','YYYY-MM-DD'),'计算机科学与技术', 123456 );
INSERT INTO student VALUES (1806100107, 18061002, '罗炳鑫', '男', to_date('2018-09-01','YYYY-MM-DD'),'计算机科学与技术', 123456 );
INSERT INTO student VALUES (1806100108, 18061005, '林少游', '男', to_date('2018-09-01','YYYY-MM-DD'),'计算机科学与技术', 123456 );
INSERT INTO student VALUES (1806100109, 18061006, '陈嗳', '男', to_date('2018-09-01','YYYY-MM-DD'),'计算机科学与技术', 123456 );
INSERT INTO student VALUES (1806100110, 18061004, 'P铭东', '男', to_date('2018-09-01','YYYY-MM-DD'),'计算机科学与技术', 123456 );
INSERT INTO student VALUES (1806100111, 18061004, '凌子锐', '男', to_date('2018-09-01','YYYY-MM-DD'),'计算机科学与技术', 123456 );
INSERT INTO student VALUES (1806100112, 18061003, '黄纪智', '男', to_date('2018-09-01','YYYY-MM-DD'),'计算机科学与技术', 123456 );
INSERT INTO student VALUES (1806100113, 18061006, '彭胡杨', '女', to_date('2018-09-01','YYYY-MM-DD'),'计算机科学与技术', 123456 );
INSERT INTO student VALUES (1806100114, 18061002, '林晓丹', '女', to_date('2018-09-01','YYYY-MM-DD'),'计算机科学与技术', 123456 );
INSERT INTO student VALUES (1806100115, 18061003, '范琦东', '男', to_date('2018-09-01','YYYY-MM-DD'),'计算机科学与技术', 123456 );
INSERT INTO student VALUES (1806100116, 18061004, '陈晶晶', '女', to_date('2018-09-01','YYYY-MM-DD'),'计算机科学与技术', 123456 );
INSERT INTO student VALUES (1806100117, 18061005, '殷进娣', '女', to_date('2018-09-01','YYYY-MM-DD'),'计算机科学与技术', 123456 );
INSERT INTO student VALUES (1806100118, 18061006, '周继华', '男', to_date('2018-09-01','YYYY-MM-DD'),'计算机科学与技术', 123456 );
INSERT INTO student VALUES (1806100119, 18061006, '黎曦瑜', '男', to_date('2018-09-01','YYYY-MM-DD'),'计算机科学与技术', 123456 );
INSERT INTO student VALUES (1806100120, 18061005, '张东', '男', to_date('2018-09-01','YYYY-MM-DD'),'计算机科学与技术', 123456 );
INSERT INTO student VALUES (1806100121, 18061004, '欧弘毅', '男', to_date('2018-09-01','YYYY-MM-DD'),'计算机科学与技术', 123456 );
INSERT INTO student VALUES (1806100122, 18061003, '康煜章', '男', to_date('2018-09-01','YYYY-MM-DD'),'计算机科学与技术', 123456 );
INSERT INTO student VALUES (1806100123, 18061002, '郑子添', '男', to_date('2018-09-01','YYYY-MM-DD'),'计算机科学与技术', 123456 );
INSERT INTO student VALUES (1806100124, 18061002, '林泽亮', '男', to_date('2018-09-01','YYYY-MM-DD'),'计算机科学与技术', 123456 );
INSERT INTO student VALUES (1806100125, 18061003, '陈シ', '男', to_date('2018-09-01','YYYY-MM-DD'),'计算机科学与技术', 123456 );
INSERT INTO student VALUES (1806100126, 18061004, '曾嘉晋', '男', to_date('2018-09-01','YYYY-MM-DD'),'计算机科学与技术', 123456 );
INSERT INTO student VALUES (1806100127, 18061005, '程日强', '男', to_date('2018-09-01','YYYY-MM-DD'),'计算机科学与技术', 123456 );
INSERT INTO student VALUES (1806100128, 18061006, '吴有贤', '男', to_date('2018-09-01','YYYY-MM-DD'),'计算机科学与技术', 123456 );
INSERT INTO student VALUES (1806100129, 18061006, '刘舜花', '女', to_date('2018-09-01','YYYY-MM-DD'),'计算机科学与技术', 123456 );
INSERT INTO student VALUES (1806100130, 18061005, '陈金铅', '男', to_date('2018-09-01','YYYY-MM-DD'),'计算机科学与技术', 123456 );
INSERT INTO student VALUES (1806100131, 18061004, '彭家豪', '男', to_date('2018-09-01','YYYY-MM-DD'),'计算机科学与技术', 123456 );
INSERT INTO student VALUES (1806100132, 18061003, '龙华兴', '男', to_date('2018-09-01','YYYY-MM-DD'),'计算机科学与技术', 123456 );
INSERT INTO student VALUES (1806100133, 18061004, '魏淑萍', '女', to_date('2018-09-01','YYYY-MM-DD'),'计算机科学与技术', 123456 );
INSERT INTO student VALUES (1806100134, 18061002, '李卓怡', '女', to_date('2018-09-01','YYYY-MM-DD'),'计算机科学与技术', 123456 );
INSERT INTO student VALUES (1806100135, 18061003, '董子业', '男', to_date('2018-09-01','YYYY-MM-DD'),'计算机科学与技术', 123456 );
INSERT INTO student VALUES (1806100136, 18061004, '梁浩俊', '男', to_date('2018-09-01','YYYY-MM-DD'),'计算机科学与技术', 123456 );
INSERT INTO student VALUES (1806100137, 18061005, '李文勇', '男', to_date('2018-09-01','YYYY-MM-DD'),'计算机科学与技术', 123456 );
INSERT INTO student VALUES (1806100138, 18061006, '赖天歌', '男', to_date('2018-09-01','YYYY-MM-DD'),'计算机科学与技术', 123456 );
INSERT INTO student VALUES (1806100139, 18061006, '谭德清', '男', to_date('2018-09-01','YYYY-MM-DD'),'计算机科学与技术', 123456 );
INSERT INTO student VALUES (1806100140, 18061005, '刘斐洋', '男', to_date('2018-09-01','YYYY-MM-DD'),'计算机科学与技术', 123456 );
INSERT INTO student VALUES (1806100141, 18061004, '刘付伟顺', '男', to_date('2018-09-01','YYYY-MM-DD'),'计算机科学与技术', 123456 );
INSERT INTO student VALUES (1806100142, 18061003, '何杨慧', '女', to_date('2018-09-01','YYYY-MM-DD'),'计算机科学与技术', 123456 );
INSERT INTO student VALUES (1806100143, 18061004, '洪育懋', '女', to_date('2018-09-01','YYYY-MM-DD'),'计算机科学与技术', 123456 );
INSERT INTO student VALUES (1806100144, 18061006, '李妙旋', '女', to_date('2018-09-01','YYYY-MM-DD'),'计算机科学与技术', 123456 );
INSERT INTO student VALUES (1806100145, 18061003, '蔡灿东', '男', to_date('2018-09-01','YYYY-MM-DD'),'计算机科学与技术', 123456 );
INSERT INTO student VALUES (1806100146, 18061004, '周星辉', '男', to_date('2018-09-01','YYYY-MM-DD'),'计算机科学与技术', 123456 );
INSERT INTO student VALUES (1806100147, 18061005, '吴金豪', '男', to_date('2018-09-01','YYYY-MM-DD'),'计算机科学与技术', 123456 );
INSERT INTO student VALUES (1806100148, 18061006, '杨桂德', '男', to_date('2018-09-01','YYYY-MM-DD'),'计算机科学与技术', 123456 );
INSERT INTO student VALUES (1806100149, 18061006, '许嘉伟', '男', to_date('2018-09-01','YYYY-MM-DD'),'计算机科学与技术', 123456 );
INSERT INTO student VALUES (1806100150, 18061005, '练韬', '男', to_date('2018-09-01','YYYY-MM-DD'),'计算机科学与技术', 123456 );
INSERT INTO student VALUES (1806100151, 18061002, '吴晓婷', '女', to_date('2018-09-01','YYYY-MM-DD'),'计算机科学与技术', 123456 );
INSERT INTO student VALUES (1806100152, 18061002, '赖康', '男', to_date('2018-09-01','YYYY-MM-DD'),'计算机科学与技术', 123456 );
INSERT INTO student VALUES (1806100153, 18061002, '黄智健', '男', to_date('2018-09-01','YYYY-MM-DD'),'计算机科学与技术', 123456 );
INSERT INTO student VALUES (1806100154, 18061005, '郭子良', '男', to_date('2018-09-01','YYYY-MM-DD'),'计算机科学与技术', 123456 );
INSERT INTO student VALUES (1806100155, 18061003, '廖宇昊', '男', to_date('2018-09-01','YYYY-MM-DD'),'计算机科学与技术', 123456 );
INSERT INTO student VALUES (1806100156, 18061006, '夏暄凯', '男', to_date('2018-09-01','YYYY-MM-DD'),'计算机科学与技术', 123456 );
INSERT INTO student VALUES (1806100157, 18061006, '许嘉良', '男', to_date('2018-09-01','YYYY-MM-DD'),'计算机科学与技术', 123456 );
INSERT INTO student VALUES (1806100158, 18061002, '方增煌', '男', to_date('2018-09-01','YYYY-MM-DD'),'计算机科学与技术', 123456 );
INSERT INTO student VALUES (1806100159, 18061004, '吴彬东', '男', to_date('2018-09-01','YYYY-MM-DD'),'计算机科学与技术', 123456 );
INSERT INTO student VALUES (1806100160, 18061003, '陈炳霖', '男', to_date('2018-09-01','YYYY-MM-DD'),'计算机科学与技术', 123456 );
INSERT INTO student VALUES (1806100161, 18061004, '陆文胜', '男', to_date('2018-09-01','YYYY-MM-DD'),'计算机科学与技术', 123456 );
INSERT INTO student VALUES (1806100162, 18061003, '张健介', '男', to_date('2018-09-01','YYYY-MM-DD'),'计算机科学与技术', 123456 );
INSERT INTO student VALUES (1806100163, 18061002, '朱振豪', '男', to_date('2018-09-01','YYYY-MM-DD'),'计算机科学与技术', 123456 );
INSERT INTO student VALUES (1806100164, 18061002, '谢鹏', '男', to_date('2018-09-01','YYYY-MM-DD'),'计算机科学与技术', 123456 );
INSERT INTO student VALUES (1806100165, 18061003, '黄沛琪', '女', to_date('2018-09-01','YYYY-MM-DD'),'计算机科学与技术', 123456 );
INSERT INTO student VALUES (1806100166, 18061004, '梁汉杰', '男', to_date('2018-09-01','YYYY-MM-DD'),'计算机科学与技术', 123456 );
INSERT INTO student VALUES (1806100167, 18061005, '李粤鹏', '男', to_date('2018-09-01','YYYY-MM-DD'),'计算机科学与技术', 123456 );
INSERT INTO student VALUES (1806100168, 18061006, '潘浩杰', '男', to_date('2018-09-01','YYYY-MM-DD'),'计算机科学与技术', 123456 );
INSERT INTO student VALUES (1806100169, 18061006, '陈冬生', '男', to_date('2018-09-01','YYYY-MM-DD'),'计算机科学与技术', 123456 );
INSERT INTO student VALUES (1806100170, 18061005, '王富铭', '男', to_date('2018-09-01','YYYY-MM-DD'),'计算机科学与技术', 123456 );
INSERT INTO student VALUES (1806100171, 18061004, '朱颖锋', '男', to_date('2018-09-01','YYYY-MM-DD'),'计算机科学与技术', 123456 );
INSERT INTO student VALUES (1806100172, 18061003, '朱恩民', '男', to_date('2018-09-01','YYYY-MM-DD'),'计算机科学与技术', 123456 );
INSERT INTO student VALUES (1806100173, 18061005, '谢昌良', '男', to_date('2018-09-01','YYYY-MM-DD'),'计算机科学与技术', 123456 );
INSERT INTO student VALUES (1806100174, 18061006, '吴泳浩', '男', to_date('2018-09-01','YYYY-MM-DD'),'计算机科学与技术', 123456 );
INSERT INTO student VALUES (1806100175, 18061005, '黎自鸿', '男', to_date('2018-09-01','YYYY-MM-DD'),'计算机科学与技术', 123456 );
INSERT INTO student VALUES (1806100176, 18061006, '谢敏儿', '女', to_date('2018-09-01','YYYY-MM-DD'),'计算机科学与技术', 123456 );
INSERT INTO student VALUES (1806100177, 18061005, '陈东涛', '男', to_date('2018-09-01','YYYY-MM-DD'),'计算机科学与技术', 123456 );
INSERT INTO student VALUES (1806100178, 18061004, '刘洋', '男', to_date('2018-09-01','YYYY-MM-DD'),'计算机科学与技术', 123456 );
INSERT INTO student VALUES (1806100179, 18061006, '李宗杰', '男', to_date('2018-09-01','YYYY-MM-DD'),'计算机科学与技术', 123456 );
INSERT INTO student VALUES (1806100180, 18061006, '王永彪', '男', to_date('2018-09-01','YYYY-MM-DD'),'计算机科学与技术', 123456 );
INSERT INTO student VALUES (1806100181, 18061005, '任星河', '男', to_date('2018-09-01','YYYY-MM-DD'),'计算机科学与技术', 123456 );
INSERT INTO student VALUES (1806100182, 18061004, '卢科达', '男', to_date('2018-09-01','YYYY-MM-DD'),'计算机科学与技术', 123456 );
INSERT INTO student VALUES (1806100183, 18061003, '邝诗曼', '女', to_date('2018-09-01','YYYY-MM-DD'),'计算机科学与技术', 123456 );
INSERT INTO student VALUES (1806100184, 18061002, '王凯', '男', to_date('2018-09-01','YYYY-MM-DD'),'计算机科学与技术', 123456 );
INSERT INTO student VALUES (1806100185, 18061002, '陈煜', '男', to_date('2018-09-01','YYYY-MM-DD'),'计算机科学与技术', 123456 );
INSERT INTO student VALUES (1806100186, 18061003, '赵子林', '男', to_date('2018-09-01','YYYY-MM-DD'),'计算机科学与技术', 123456 );
INSERT INTO student VALUES (1806100187, 18061002, '谭康兆', '男', to_date('2018-09-01','YYYY-MM-DD'),'计算机科学与技术', 123456 );
INSERT INTO student VALUES (1806100188, 18061005, '邓艺文', '男', to_date('2018-09-01','YYYY-MM-DD'),'计算机科学与技术', 123456 );
INSERT INTO student VALUES (1806100189, 18061004, '潘世喻', '男', to_date('2018-09-01','YYYY-MM-DD'),'计算机科学与技术', 123456 );
INSERT INTO student VALUES (1806100190, 18061002, '伍家乐', '男', to_date('2018-09-01','YYYY-MM-DD'),'计算机科学与技术', 123456 );
INSERT INTO student VALUES (1806100191, 18061001, '刘俊烨', '男', to_date('2018-09-01','YYYY-MM-DD'),'计算机科学与技术', 123456 );
INSERT INTO student VALUES (1806100192, 18061001, '黄颂升', '男', to_date('2018-09-01','YYYY-MM-DD'),'计算机科学与技术', 123456 );
INSERT INTO student VALUES (1806100193, 18061001, '钟志威', '男', to_date('2018-09-01','YYYY-MM-DD'),'计算机科学与技术', 123456 );
INSERT INTO student VALUES (1806100194, 18061001, '吴铭杰', '男', to_date('2018-09-01','YYYY-MM-DD'),'计算机科学与技术', 123456 );
INSERT INTO student VALUES (1806100195, 18061001, '葛文聪', '男', to_date('2018-09-01','YYYY-MM-DD'),'计算机科学与技术', 123456 );
INSERT INTO student VALUES (1806100196, 18061003, '徐菲菲', '女', to_date('2018-09-01','YYYY-MM-DD'),'计算机科学与技术', 123456 );
INSERT INTO student VALUES (1806100197, 18061004, '钟季澄', '男', to_date('2018-09-01','YYYY-MM-DD'),'计算机科学与技术', 123456 );
INSERT INTO student VALUES (1806100198, 18061005, '陈秩', '男', to_date('2018-09-01','YYYY-MM-DD'),'计算机科学与技术', 123456 );
INSERT INTO student VALUES (1806100199, 18061006, '卢柏涛', '男', to_date('2018-09-01','YYYY-MM-DD'),'计算机科学与技术', 123456 );
INSERT INTO student VALUES (1806100200, 18061006, '许永锋', '男', to_date('2018-09-01','YYYY-MM-DD'),'计算机科学与技术', 123456 );
INSERT INTO student VALUES (1806100201, 18061005, '林嘉丽', '女', to_date('2018-09-01','YYYY-MM-DD'),'计算机科学与技术', 123456 );
INSERT INTO student VALUES (1806100202, 18061004, '程炜斯', '男', to_date('2018-09-01','YYYY-MM-DD'),'计算机科学与技术', 123456 );
INSERT INTO student VALUES (1806100203, 18061001, '梁志炜', '男', to_date('2018-09-01','YYYY-MM-DD'),'计算机科学与技术', 123456 );
INSERT INTO student VALUES (1806100204, 18061001, '黄景良', '男', to_date('2018-09-01','YYYY-MM-DD'),'计算机科学与技术', 123456 );
INSERT INTO student VALUES (1806100205, 18061001, '梁宇', '男', to_date('2018-09-01','YYYY-MM-DD'),'计算机科学与技术', 123456 );
INSERT INTO student VALUES (1806100206, 18061001, '黎鸿业', '男', to_date('2018-09-01','YYYY-MM-DD'),'计算机科学与技术', 123456 );
INSERT INTO student VALUES (1806100207, 18061001, '叶海帆', '男', to_date('2018-09-01','YYYY-MM-DD'),'计算机科学与技术', 123456 );
INSERT INTO student VALUES (1806100208, 18061001, '吴柏霖', '男', to_date('2018-09-01','YYYY-MM-DD'),'计算机科学与技术', 123456 );
INSERT INTO student VALUES (1806100209, 18061001, '林艺华', '男', to_date('2018-09-01','YYYY-MM-DD'),'计算机科学与技术', 123456 );
INSERT INTO student VALUES (1806100210, 18061001, '朱艾清', '女', to_date('2018-09-01','YYYY-MM-DD'),'计算机科学与技术', 123456 );
INSERT INTO student VALUES (1806100211, 18061001, '梁文坤', '男', to_date('2018-09-01','YYYY-MM-DD'),'计算机科学与技术', 123456 );
INSERT INTO student VALUES (1806100212, 18061001, '刘嘉盛', '男', to_date('2018-09-01','YYYY-MM-DD'),'计算机科学与技术', 123456 );
INSERT INTO student VALUES (1806100213, 18061001, '杨碧芬', '女', to_date('2018-09-01','YYYY-MM-DD'),'计算机科学与技术', 123456 );
INSERT INTO student VALUES (1806100214, 18061001, '吴泽源', '男', to_date('2018-09-01','YYYY-MM-DD'),'计算机科学与技术', 123456 );
INSERT INTO student VALUES (1806100215, 18061001, '彭小英', '女', to_date('2018-09-01','YYYY-MM-DD'),'计算机科学与技术', 123456 );
INSERT INTO student VALUES (1806100216, 18061001, '唐子豪', '男', to_date('2018-09-01','YYYY-MM-DD'),'计算机科学与技术', 123456 );
INSERT INTO student VALUES (1806100217, 18061001, '邓月英', '女', to_date('2018-09-01','YYYY-MM-DD'),'计算机科学与技术', 123456 );
INSERT INTO student VALUES (1806100218, 18061001, '张祖龙', '男', to_date('2018-09-01','YYYY-MM-DD'),'计算机科学与技术', 123456 );
INSERT INTO student VALUES (1806100219, 18061001, '黄润源', '男', to_date('2018-09-01','YYYY-MM-DD'),'计算机科学与技术', 123456 );
INSERT INTO student VALUES (1806100220, 18061003, '查真鹏', '男', to_date('2018-09-01','YYYY-MM-DD'),'计算机科学与技术', 123456 );
INSERT INTO student VALUES (1806100221, 18061002, '潘精森', '男', to_date('2018-09-01','YYYY-MM-DD'),'计算机科学与技术', 123456 );
INSERT INTO student VALUES (1806100222, 18061001, '孔德岚', '女', to_date('2018-09-01','YYYY-MM-DD'),'计算机科学与技术', 123456 );
INSERT INTO student VALUES (1806100223, 18061001, '梁德心', '女', to_date('2018-09-01','YYYY-MM-DD'),'计算机科学与技术', 123456 );
INSERT INTO student VALUES (1806100224, 18061001, '关喜荣', '男', to_date('2018-09-01','YYYY-MM-DD'),'计算机科学与技术', 123456 );
INSERT INTO student VALUES (1806100225, 18061001, '王业鸿', '男', to_date('2018-09-01','YYYY-MM-DD'),'计算机科学与技术', 123456 );
INSERT INTO student VALUES (1806100226, 18061003, '白超同', '男', to_date('2018-09-01','YYYY-MM-DD'),'计算机科学与技术', 123456 );
INSERT INTO student VALUES (1806100227, 18061001, '王琪', '女', to_date('2018-09-01','YYYY-MM-DD'),'计算机科学与技术', 123456 );
INSERT INTO student VALUES (1806100228, 18061001, '闫浩茂', '男', to_date('2018-09-01','YYYY-MM-DD'),'计算机科学与技术', 123456 );
INSERT INTO student VALUES (1806100229, 18061003, '裴文达', '男', to_date('2018-09-01','YYYY-MM-DD'),'计算机科学与技术', 123456 );
INSERT INTO student VALUES (1806100230, 18061001, '商德涵', '男', to_date('2018-09-01','YYYY-MM-DD'),'计算机科学与技术', 123456 );
INSERT INTO student VALUES (1806100231, 18061001, '周强', '男', to_date('2018-09-01','YYYY-MM-DD'),'计算机科学与技术', 123456 );
INSERT INTO student VALUES (1806100232, 18061001, '刘雨馨', '女', to_date('2018-09-01','YYYY-MM-DD'),'计算机科学与技术', 123456 );
INSERT INTO student VALUES (1806100233, 18061001, '李朝均', '男', to_date('2018-09-01','YYYY-MM-DD'),'计算机科学与技术', 123456 );
INSERT INTO student VALUES (1806100234, 18061001, '罗泽纪', '男', to_date('2018-09-01','YYYY-MM-DD'),'计算机科学与技术', 123456 );
INSERT INTO student VALUES (1806100235, 18061001, '解淅茗', '男', to_date('2018-09-01','YYYY-MM-DD'),'计算机科学与技术', 123456 );
INSERT INTO student VALUES (1806100236, 18061001, '陈开智', '男', to_date('2018-09-01','YYYY-MM-DD'),'计算机科学与技术', 123456 );
INSERT INTO student VALUES (1806100237, 18061001, '张振涛', '男', to_date('2018-09-01','YYYY-MM-DD'),'计算机科学与技术', 123456 );
INSERT INTO student VALUES (1806107239, 18061006, 'Pervaiz Sachal', '男', to_date('2018-09-01','YYYY-MM-DD'),'计算机科学与技术', 123456 );
INSERT INTO course VALUES (180600001, '计算机导论', '专业必修课', '考试', 1.0, 16);
INSERT INTO course VALUES (180600002, '程序设计基础', '专业必修课', '考试', 3.0, 48);
INSERT INTO course VALUES (180600003, '程序设计基础实验', '专业必修课', '考查', 1.0, 32);
INSERT INTO course VALUES (180600004, '离散数学', '专业必修课', '考试', 4.0, 64);
INSERT INTO course VALUES (180600007, '数据结构', '专业必修课', '考试', 3.0, 48);
INSERT INTO course VALUES (180600008, '数据结构实验', '专业必修课', '考查', 0.5, 16);
INSERT INTO course VALUES (180600009, '计算机组成与系统结构', '专业必修课', '考试', 3.0, 48);
INSERT INTO course VALUES (180600010, '计算机组成与系统结构实验', '专业必修课', '考查', 0.5, 16);
INSERT INTO course VALUES (180600011, '计算机网络', '专业必修课', '考试', 3.0, 48);
INSERT INTO course VALUES (180600012, '计算机网络实验', '专业必修课', '考查', 0.5, 16);
INSERT INTO course VALUES (180600013, '数据库原理', '专业必修课', '考试', 3.0, 48);
INSERT INTO course VALUES (180600014, '数据库原理实验', '专业必修课', '考查', 0.5, 16);
INSERT INTO course VALUES (180600015, '操作系统', '专业必修课', '考试', 3.0, 48);
INSERT INTO course VALUES (180600016, '操作系统实验', '专业必修课', '考查', 0.5, 16);
INSERT INTO course VALUES (180600017, '编译原理', '专业必修课', '考试', 2.0, 32);
INSERT INTO course VALUES (180600018, '编译原理实验', '专业必修课', '考查', 0.5, 16);
INSERT INTO course VALUES (180600080, '机器学习与数据挖掘', '专业必修课', '考试', 3.0, 48);
INSERT INTO course VALUES (180600081, '机器学习与数据挖掘实验', '专业必修课', '考查', 0.5, 16);
INSERT INTO course VALUES (180610001, '人工智能原理', '专业必修课', '考试', 3.0, 48);
INSERT INTO course VALUES (180610002, '人工智能原理实验', '专业必修课', '考查', 1.0, 32);
INSERT INTO course VALUES (180600030, '计算机视觉与模式识别', '专业必修课', '考试', 3.0, 48);
INSERT INTO course VALUES (180600031, '计算机视觉与模式识别实验', '专业必修课', '考查', 1.0, 32);
INSERT INTO course VALUES (180600102, '新生研讨课', '专业选修课', '考查', 0.5, 8);
INSERT INTO course VALUES (180600005, '面向对象程序设计', '专业选修课', '考试', 3.0, 48);
INSERT INTO course VALUES (180600006, '面向对象程序设计实验', '专业选修课', '考查', 1.0, 32);
INSERT INTO course VALUES (180600087, 'Java语言', '专业选修课', '考试', 2.0, 32);
INSERT INTO course VALUES (180600088, 'Java语言实验', '专业选修课', '考查', 0.5, 16);
INSERT INTO course VALUES (181900714, '数字电子技术实验', '专业选修课', '考查', 0.5, 16);
INSERT INTO course VALUES (181900723, '数字电路与逻辑设计', '专业选修课', '考试', 2.5, 40);
INSERT INTO course VALUES (180600103, '创新研究课1', '专业选修课', '考查', 0.5, 8);
INSERT INTO course VALUES (180600058, '汇编语言与接口技术', '专业选修课', '考查', 2.0, 32);
INSERT INTO course VALUES (180600059, '汇编语言与接口技术实验', '专业选修课', '考查', 0.5, 16);
INSERT INTO course VALUES (180600109, '数值分析', '专业选修课', '考试', 2.0, 32);
INSERT INTO course VALUES (180600019, '软件工程导论', '专业选修课', '考试', 2.0, 32);
INSERT INTO course VALUES (180600020, '软件工程导论实验', '专业选修课', '考查', 0.5, 16);
INSERT INTO course VALUES (180600023, '计算机图形学', '专业选修课', '考查', 2.0, 32);
INSERT INTO course VALUES (180600024, '计算机图形学实验', '专业选修课', '考查', 0.5, 16);
INSERT INTO course VALUES (180600025, '算法设计与分析', '专业选修课', '考试', 2.0, 32);
INSERT INTO course VALUES (180600026, 'Unix/Linux 操作系统分析', '专业选修课', '考查', 2.0, 32);
INSERT INTO course VALUES (180600027, 'Unix/Linux操作系统分析实验', '专业选修课', '考查', 0.5, 16);
INSERT INTO course VALUES (180600075, '机器人导论', '专业选修课', '考查', 2.5, 40);
INSERT INTO course VALUES (180600104, '创新研究课2', '专业选修课', '考查', 0.5, 8);
INSERT INTO course VALUES (180600032, 'IT项目管理', '专业选修课', '考查', 1.5, 24);
INSERT INTO course VALUES (180600033, '并行与分布式系统', '专业选修课', '考查', 2.0, 32);
INSERT INTO course VALUES (180600034, '并行与分布式系统实验', '专业选修课', '考查', 0.5, 16);
INSERT INTO course VALUES (180600037, '嵌入式系统', '专业选修课', '考查', 2.5, 40);
INSERT INTO course VALUES (180600038, '嵌入式系统实验', '专业选修课', '考查', 1.0, 32);
INSERT INTO course VALUES (180600064, '智能优化算法与应用', '专业选修课', '考查', 2.0, 32);
INSERT INTO course VALUES (180600065, '自然语言处理', '专业选修课', '考查', 2.0, 32);
INSERT INTO course VALUES (180600108, '多核程序设计与实践', '专业选修课', '考查', 2.0, 32);
INSERT INTO course VALUES (180600028, '无线网络与移动计算', '专业选修课', '考查', 2.0, 32);
INSERT INTO course VALUES (180600029, '无线网络与移动计算实验', '专业选修课', '考查', 1.0, 32);
INSERT INTO course VALUES (180600035, '网络安全', '专业选修课', '考查', 2.0, 32);
INSERT INTO course VALUES (180600036, '网络安全实验', '专业选修课', '考查', 0.5, 16);
INSERT INTO course VALUES (180600056, '虚拟现实技术', '专业选修课', '考查', 2.0, 32);
INSERT INTO course VALUES (180600057, '虚拟现实技术实验', '专业选修课', '考查', 1.0, 32);
INSERT INTO course VALUES (180600060, '数据科学与大数据技术导论', '专业选修课', '考查', 2.0, 32);
INSERT INTO course VALUES (180600061, '数据科学与大数据技术导论实验', '专业选修课', '考查', 0.5, 16);
INSERT INTO course VALUES (180600062, '大数据分析方法和工具应用', '专业选修课', '考查', 2.0, 32);
INSERT INTO course VALUES (180600063, '大数据分析方法和工具应用实验', '专业选修课', '考查', 0.5, 16);
INSERT INTO course VALUES (180600066, '动态几何实验', '专业选修课', '考查', 1.0, 32);
INSERT INTO course VALUES (180600067, '物联网技术', '专业选修课', '考查', 2.0, 32);
INSERT INTO course VALUES (180600068, '物联网技术实验', '专业选修课', '考查', 1.0, 32);
INSERT INTO course VALUES (180600069, '云平台与大数据', '专业选修课', '考查', 2.0, 32);
INSERT INTO course VALUES (180600070, '云平台与大数据实验', '专业选修课', '考查', 1.0, 32);
INSERT INTO course VALUES (180600091, '分布式数据库系统', '专业选修课', '考查', 2.0, 32);
INSERT INTO course VALUES (180600092, '分布式数据库系统实验', '专业选修课', '考查', 0.5, 16);
INSERT INTO course VALUES (180600095, '软件体系结构', '专业选修课', '考查', 2.0, 32);
INSERT INTO course VALUES (180600097, '软件开发实例', '专业选修课', '考查', 0.5, 16);
INSERT INTO course VALUES (180600105, '创新研究课3', '专业选修课', '考查', 0.5, 8);
INSERT INTO teacher_group VALUES (180600026, '101048');
INSERT INTO teacher_group VALUES (180600027, '101048');
INSERT INTO teacher_group VALUES (180600017, '103168');
INSERT INTO teacher_group VALUES (180600018, '103168');
INSERT INTO teacher_group VALUES (180600018, '103325');
INSERT INTO teacher_group VALUES (180600017, '104087');
INSERT INTO teacher_group VALUES (180600018, '104087');
INSERT INTO teacher_group VALUES (180610001, '110001');
INSERT INTO teacher_group VALUES (180610002, '110001');
INSERT INTO teacher_group VALUES (180600019, '110002');
INSERT INTO teacher_group VALUES (180600020, '110002');
INSERT INTO teacher_group VALUES (180600080, '110003');
INSERT INTO teacher_group VALUES (180600081, '110003');
INSERT INTO teacher_group VALUES (180600080, '110004');
INSERT INTO teacher_group VALUES (180600081, '110004');
INSERT INTO teacher_group VALUES (180600080, '110005');
INSERT INTO teacher_group VALUES (180600081, '110005');
INSERT INTO teacher_group VALUES (180600019, '110006');
INSERT INTO teacher_group VALUES (180600020, '110006');
INSERT INTO teacher_group VALUES (180600025, '110007');
INSERT INTO teacher_group VALUES (180600025, '110008');
INSERT INTO teacher_group VALUES (180600017, '110009');
INSERT INTO teacher_group VALUES (180610001, '204896');
INSERT INTO teacher_group VALUES (180610002, '204896');
INSERT INTO open VALUES (1806000260, 101048, 18061001, 180600026, '星期五 1-2节','1-16周',0);
INSERT INTO open VALUES (1806000260, 101048, 18061002, 180600026, '星期五 1-2节','1-16周',0);
INSERT INTO open VALUES (1806000260, 101048, 18061003, 180600026, '星期五 1-2节','1-16周',0);
INSERT INTO open VALUES (1806000261, 101048, 18061004, 180600026, '星期三 1-2节','1-16周',0);
INSERT INTO open VALUES (1806000261, 101048, 18061005, 180600026, '星期三 1-2节','1-16周',0);
INSERT INTO open VALUES (1806000261, 101048, 18061006, 180600026, '星期三 1-2节','1-16周',0);
INSERT INTO open VALUES (1806000270, 101048, 18061001, 180600027, '星期一 5-6节','1-8周',0);
INSERT INTO open VALUES (1806000270, 101048, 18061002, 180600027, '星期一 5-6节','1-8周',0);
INSERT INTO open VALUES (1806000270, 101048, 18061003, 180600027, '星期一 5-6节','1-8周',0);
INSERT INTO open VALUES (1806000271, 101048, 18061004, 180600027, '星期四 1-2节','1-8周',0);
INSERT INTO open VALUES (1806000271, 101048, 18061005, 180600027, '星期四 1-2节','1-8周',0);
INSERT INTO open VALUES (1806000271, 101048, 18061006, 180600027, '星期四 1-2节','1-8周',0);
INSERT INTO open VALUES (1806000170, 103168, 18061001, 180600017, '星期五 7-8节','1-16周',0);
INSERT INTO open VALUES (1806000170, 103168, 18061002, 180600017, '星期五 7-8节','1-16周',0);
INSERT INTO open VALUES (1806000171, 110009, 18061003, 180600017, '星期三 5-6节','1-16周',0);
INSERT INTO open VALUES (1806000171, 110009, 18061004, 180600017, '星期三 5-6节','1-16周',0);
INSERT INTO open VALUES (1806000172, 104087, 18061005, 180600017, '星期五 1-2节','1-16周',0);
INSERT INTO open VALUES (1806000172, 104087, 18061006, 180600017, '星期五 1-2节','1-16周',0);
INSERT INTO open VALUES (1806000180, 103168, 18061001, 180600018, '星期四 5-6节','1-8周',0);
INSERT INTO open VALUES (1806000180, 103168, 18061002, 180600018, '星期四 5-6节','1-8周',0);
INSERT INTO open VALUES (1806000181, 103325, 18061003, 180600018, '星期二 3-4节','1-8周',0);
INSERT INTO open VALUES (1806000181, 103325, 18061004, 180600018, '星期二 3-4节','1-8周',0);
INSERT INTO open VALUES (1806000182, 104087, 18061005, 180600018, '星期四 7-8节','1-8周',0);
INSERT INTO open VALUES (1806000182, 104087, 18061006, 180600018, '星期四 7-8节','1-8周',0);
INSERT INTO open VALUES (1806100010, 204896, 18061001, 180610001, '星期二 7-8节','1-16周',0);
INSERT INTO open VALUES (1806100010, 204896, 18061002, 180610001, '星期二 7-8节','1-16周',0);
INSERT INTO open VALUES (1806100010, 204896, 18061003, 180610001, '星期二 7-8节','1-16周',0);
INSERT INTO open VALUES (1806100011, 110001, 18061004, 180610001, '星期三 7-8节','1-16周',0);
INSERT INTO open VALUES (1806100011, 110001, 18061005, 180610001, '星期三 7-8节','1-16周',0);
INSERT INTO open VALUES (1806100011, 110001, 18061006, 180610001, '星期三 7-8节','1-16周',0);
INSERT INTO open VALUES (1806100020, 204896, 18061001, 180610002, '星期一 3-4节','1-16周',0);
INSERT INTO open VALUES (1806100020, 204896, 18061002, 180610002, '星期一 3-4节','1-16周',0);
INSERT INTO open VALUES (1806100020, 204896, 18061003, 180610002, '星期一 3-4节','1-16周',0);
INSERT INTO open VALUES (1806100021, 110001, 18061004, 180610002, '星期三 3-4节','1-16周',0);
INSERT INTO open VALUES (1806100021, 110001, 18061005, 180610002, '星期三 3-4节','1-16周',0);
INSERT INTO open VALUES (1806100021, 110001, 18061006, 180610002, '星期三 3-4节','1-16周',0);
INSERT INTO open VALUES (1806000190, 110002, 18061001, 180600019, '星期五 5-6节','1-16周',0);
INSERT INTO open VALUES (1806000190, 110002, 18061002, 180600019, '星期五 5-6节','1-16周',0);
INSERT INTO open VALUES (1806000190, 110002, 18061003, 180600019, '星期五 5-6节','1-16周',0);
INSERT INTO open VALUES (1806000191, 110006, 18061004, 180600019, '星期一 7-8节','1-16周',0);
INSERT INTO open VALUES (1806000191, 110006, 18061005, 180600019, '星期一 7-8节','1-16周',0);
INSERT INTO open VALUES (1806000191, 110006, 18061006, 180600019, '星期一 7-8节','1-16周',0);
INSERT INTO open VALUES (1806000200, 110002, 18061001, 180600020, '星期四 7-8节','1-8周',0);
INSERT INTO open VALUES (1806000200, 110002, 18061002, 180600020, '星期四 7-8节','1-8周',0);
INSERT INTO open VALUES (1806000200, 110002, 18061003, 180600020, '星期四 7-8节','1-8周',0);
INSERT INTO open VALUES (1806000201, 110006, 18061004, 180600020, '星期二 7-8节','1-8周',0);
INSERT INTO open VALUES (1806000201, 110006, 18061005, 180600020, '星期二 7-8节','1-8周',0);
INSERT INTO open VALUES (1806000201, 110006, 18061006, 180600020, '星期二 7-8节','1-8周',0);
INSERT INTO open VALUES (1806000800, 110003, 18061001, 180600080, '星期一 7-8节','1-16周',0);
INSERT INTO open VALUES (1806000800, 110003, 18061002, 180600080, '星期一 7-8节','1-16周',0);
INSERT INTO open VALUES (1806000801, 110004, 18061003, 180600080, '星期五 7-8节','1-16周',0);
INSERT INTO open VALUES (1806000801, 110004, 18061004, 180600080, '星期五 7-8节','1-16周',0);
INSERT INTO open VALUES (1806000802, 110005, 18061005, 180600080, '星期五 7-8节','1-16周',0);
INSERT INTO open VALUES (1806000802, 110005, 18061006, 180600080, '星期五 7-8节','1-16周',0);
INSERT INTO open VALUES (1806000810, 110003, 18061001, 180600081, '星期四 3-4节','1-8周',0);
INSERT INTO open VALUES (1806000810, 110003, 18061002, 180600081, '星期四 3-4节','1-8周',0);
INSERT INTO open VALUES (1806000811, 110004, 18061003, 180600081, '星期五 3-4节','1-8周',0);
INSERT INTO open VALUES (1806000811, 110004, 18061004, 180600081, '星期五 3-4节','1-8周',0);
INSERT INTO open VALUES (1806000812, 110005, 18061005, 180600081, '星期一 5-6节','1-8周',0);
INSERT INTO open VALUES (1806000812, 110005, 18061006, 180600081, '星期一 5-6节','1-8周',0);
INSERT INTO open VALUES (1806000250, 110008, 18061001, 180600025, '星期三 7-8节','1-16周',0);
INSERT INTO open VALUES (1806000250, 110008, 18061002, 180600025, '星期三 7-8节','1-16周',0);
INSERT INTO open VALUES (1806000250, 110008, 18061003, 180600025, '星期三 7-8节','1-16周',0);
INSERT INTO open VALUES (1806000251, 110007, 18061004, 180600025, '星期二 1-2节','1-16周',0);
INSERT INTO open VALUES (1806000251, 110007, 18061005, 180600025, '星期二 1-2节','1-16周',0);
INSERT INTO open VALUES (1806000251, 110007, 18061006, 180600025, '星期二 1-2节','1-16周',0);
INSERT INTO sc_choose VALUES (1806100191, 1806000170, 180600017, 0, 0,0);
INSERT INTO sc_choose VALUES (1806100192, 1806000170, 180600017, 0, 0,0);
INSERT INTO sc_choose VALUES (1806100193, 1806000170, 180600017, 0, 0,0);
INSERT INTO sc_choose VALUES (1806100194, 1806000170, 180600017, 0, 0,0);
INSERT INTO sc_choose VALUES (1806100195, 1806000170, 180600017, 0, 0,0);
INSERT INTO sc_choose VALUES (1806100203, 1806000170, 180600017, 0, 0,0);
INSERT INTO sc_choose VALUES (1806100204, 1806000170, 180600017, 0, 0,0);
INSERT INTO sc_choose VALUES (1806100205, 1806000170, 180600017, 0, 0,0);
INSERT INTO sc_choose VALUES (1806100206, 1806000170, 180600017, 0, 0,0);
INSERT INTO sc_choose VALUES (1806100207, 1806000170, 180600017, 0, 0,0);
INSERT INTO sc_choose VALUES (1806100208, 1806000170, 180600017, 0, 0,0);
INSERT INTO sc_choose VALUES (1806100209, 1806000170, 180600017, 0, 0,0);
INSERT INTO sc_choose VALUES (1806100210, 1806000170, 180600017, 0, 0,0);
INSERT INTO sc_choose VALUES (1806100211, 1806000170, 180600017, 0, 0,0);
INSERT INTO sc_choose VALUES (1806100212, 1806000170, 180600017, 0, 0,0);
INSERT INTO sc_choose VALUES (1806100213, 1806000170, 180600017, 0, 0,0);
INSERT INTO sc_choose VALUES (1806100214, 1806000170, 180600017, 0, 0,0);
INSERT INTO sc_choose VALUES (1806100215, 1806000170, 180600017, 0, 0,0);
INSERT INTO sc_choose VALUES (1806100216, 1806000170, 180600017, 0, 0,0);
INSERT INTO sc_choose VALUES (1806100217, 1806000170, 180600017, 0, 0,0);
INSERT INTO sc_choose VALUES (1806100218, 1806000170, 180600017, 0, 0,0);
INSERT INTO sc_choose VALUES (1806100219, 1806000170, 180600017, 0, 0,0);
INSERT INTO sc_choose VALUES (1806100222, 1806000170, 180600017, 0, 0,0);
INSERT INTO sc_choose VALUES (1806100223, 1806000170, 180600017, 0, 0,0);
INSERT INTO sc_choose VALUES (1806100224, 1806000170, 180600017, 0, 0,0);
INSERT INTO sc_choose VALUES (1806100225, 1806000170, 180600017, 0, 0,0);
INSERT INTO sc_choose VALUES (1806100227, 1806000170, 180600017, 0, 0,0);
INSERT INTO sc_choose VALUES (1806100228, 1806000170, 180600017, 0, 0,0);
INSERT INTO sc_choose VALUES (1806100230, 1806000170, 180600017, 0, 0,0);
INSERT INTO sc_choose VALUES (1806100231, 1806000170, 180600017, 0, 0,0);
INSERT INTO sc_choose VALUES (1806100232, 1806000170, 180600017, 0, 0,0);
INSERT INTO sc_choose VALUES (1806100233, 1806000170, 180600017, 0, 0,0);
INSERT INTO sc_choose VALUES (1806100234, 1806000170, 180600017, 0, 0,0);
INSERT INTO sc_choose VALUES (1806100235, 1806000170, 180600017, 0, 0,0);
INSERT INTO sc_choose VALUES (1806100236, 1806000170, 180600017, 0, 0,0);
INSERT INTO sc_choose VALUES (1806100237, 1806000170, 180600017, 0, 0,0);
INSERT INTO sc_choose VALUES (1806100001, 1806000170, 180600017, 0, 0,0);
INSERT INTO sc_choose VALUES (1806100007, 1806000170, 180600017, 0, 0,0);
INSERT INTO sc_choose VALUES (1806100010, 1806000170, 180600017, 0, 0,0);
INSERT INTO sc_choose VALUES (1806100017, 1806000170, 180600017, 0, 0,0);
INSERT INTO sc_choose VALUES (1806100018, 1806000170, 180600017, 0, 0,0);
INSERT INTO sc_choose VALUES (1806100027, 1806000170, 180600017, 0, 0,0);
INSERT INTO sc_choose VALUES (1806100028, 1806000170, 180600017, 0, 0,0);
INSERT INTO sc_choose VALUES (1806100041, 1806000170, 180600017, 0, 0,0);
INSERT INTO sc_choose VALUES (1806100042, 1806000170, 180600017, 0, 0,0);
INSERT INTO sc_choose VALUES (1806100051, 1806000170, 180600017, 0, 0,0);
INSERT INTO sc_choose VALUES (1806100052, 1806000170, 180600017, 0, 0,0);
INSERT INTO sc_choose VALUES (1806100064, 1806000170, 180600017, 0, 0,0);
INSERT INTO sc_choose VALUES (1806100067, 1806000170, 180600017, 0, 0,0);
INSERT INTO sc_choose VALUES (1806100076, 1806000170, 180600017, 0, 0,0);
INSERT INTO sc_choose VALUES (1806100079, 1806000170, 180600017, 0, 0,0);
INSERT INTO sc_choose VALUES (1806100081, 1806000170, 180600017, 0, 0,0);
INSERT INTO sc_choose VALUES (1806100082, 1806000170, 180600017, 0, 0,0);
INSERT INTO sc_choose VALUES (1806100091, 1806000170, 180600017, 0, 0,0);
INSERT INTO sc_choose VALUES (1806100092, 1806000170, 180600017, 0, 0,0);
INSERT INTO sc_choose VALUES (1806100095, 1806000170, 180600017, 0, 0,0);
INSERT INTO sc_choose VALUES (1806100099, 1806000170, 180600017, 0, 0,0);
INSERT INTO sc_choose VALUES (1806100100, 1806000170, 180600017, 0, 0,0);
INSERT INTO sc_choose VALUES (1806100102, 1806000170, 180600017, 0, 0,0);
INSERT INTO sc_choose VALUES (1806100104, 1806000170, 180600017, 0, 0,0);
INSERT INTO sc_choose VALUES (1806100105, 1806000170, 180600017, 0, 0,0);
INSERT INTO sc_choose VALUES (1806100107, 1806000170, 180600017, 0, 0,0);
INSERT INTO sc_choose VALUES (1806100114, 1806000170, 180600017, 0, 0,0);
INSERT INTO sc_choose VALUES (1806100123, 1806000170, 180600017, 0, 0,0);
INSERT INTO sc_choose VALUES (1806100124, 1806000170, 180600017, 0, 0,0);
INSERT INTO sc_choose VALUES (1806100134, 1806000170, 180600017, 0, 0,0);
INSERT INTO sc_choose VALUES (1806100151, 1806000170, 180600017, 0, 0,0);
INSERT INTO sc_choose VALUES (1806100152, 1806000170, 180600017, 0, 0,0);
INSERT INTO sc_choose VALUES (1806100153, 1806000170, 180600017, 0, 0,0);
INSERT INTO sc_choose VALUES (1806100158, 1806000170, 180600017, 0, 0,0);
INSERT INTO sc_choose VALUES (1806100163, 1806000170, 180600017, 0, 0,0);
INSERT INTO sc_choose VALUES (1806100164, 1806000170, 180600017, 0, 0,0);
INSERT INTO sc_choose VALUES (1806100184, 1806000170, 180600017, 0, 0,0);
INSERT INTO sc_choose VALUES (1806100185, 1806000170, 180600017, 0, 0,0);
INSERT INTO sc_choose VALUES (1806100187, 1806000170, 180600017, 0, 0,0);
INSERT INTO sc_choose VALUES (1806100190, 1806000170, 180600017, 0, 0,0);
INSERT INTO sc_choose VALUES (1806100221, 1806000170, 180600017, 0, 0,0);
INSERT INTO sc_choose VALUES (1806100002, 1806000171, 180600017, 0, 0,0);
INSERT INTO sc_choose VALUES (1806100006, 1806000171, 180600017, 0, 0,0);
INSERT INTO sc_choose VALUES (1806100008, 1806000171, 180600017, 0, 0,0);
INSERT INTO sc_choose VALUES (1806100016, 1806000171, 180600017, 0, 0,0);
INSERT INTO sc_choose VALUES (1806100019, 1806000171, 180600017, 0, 0,0);
INSERT INTO sc_choose VALUES (1806100026, 1806000171, 180600017, 0, 0,0);
INSERT INTO sc_choose VALUES (1806100029, 1806000171, 180600017, 0, 0,0);
INSERT INTO sc_choose VALUES (1806100033, 1806000171, 180600017, 0, 0,0);
INSERT INTO sc_choose VALUES (1806100040, 1806000171, 180600017, 0, 0,0);
INSERT INTO sc_choose VALUES (1806100043, 1806000171, 180600017, 0, 0,0);
INSERT INTO sc_choose VALUES (1806100050, 1806000171, 180600017, 0, 0,0);
INSERT INTO sc_choose VALUES (1806100053, 1806000171, 180600017, 0, 0,0);
INSERT INTO sc_choose VALUES (1806100065, 1806000171, 180600017, 0, 0,0);
INSERT INTO sc_choose VALUES (1806100068, 1806000171, 180600017, 0, 0,0);
INSERT INTO sc_choose VALUES (1806100075, 1806000171, 180600017, 0, 0,0);
INSERT INTO sc_choose VALUES (1806100080, 1806000171, 180600017, 0, 0,0);
INSERT INTO sc_choose VALUES (1806100083, 1806000171, 180600017, 0, 0,0);
INSERT INTO sc_choose VALUES (1806100090, 1806000171, 180600017, 0, 0,0);
INSERT INTO sc_choose VALUES (1806100093, 1806000171, 180600017, 0, 0,0);
INSERT INTO sc_choose VALUES (1806100096, 1806000171, 180600017, 0, 0,0);
INSERT INTO sc_choose VALUES (1806100103, 1806000171, 180600017, 0, 0,0);
INSERT INTO sc_choose VALUES (1806100106, 1806000171, 180600017, 0, 0,0);
INSERT INTO sc_choose VALUES (1806100112, 1806000171, 180600017, 0, 0,0);
INSERT INTO sc_choose VALUES (1806100115, 1806000171, 180600017, 0, 0,0);
INSERT INTO sc_choose VALUES (1806100122, 1806000171, 180600017, 0, 0,0);
INSERT INTO sc_choose VALUES (1806100125, 1806000171, 180600017, 0, 0,0);
INSERT INTO sc_choose VALUES (1806100132, 1806000171, 180600017, 0, 0,0);
INSERT INTO sc_choose VALUES (1806100135, 1806000171, 180600017, 0, 0,0);
INSERT INTO sc_choose VALUES (1806100142, 1806000171, 180600017, 0, 0,0);
INSERT INTO sc_choose VALUES (1806100145, 1806000171, 180600017, 0, 0,0);
INSERT INTO sc_choose VALUES (1806100155, 1806000171, 180600017, 0, 0,0);
INSERT INTO sc_choose VALUES (1806100160, 1806000171, 180600017, 0, 0,0);
INSERT INTO sc_choose VALUES (1806100162, 1806000171, 180600017, 0, 0,0);
INSERT INTO sc_choose VALUES (1806100165, 1806000171, 180600017, 0, 0,0);
INSERT INTO sc_choose VALUES (1806100172, 1806000171, 180600017, 0, 0,0);
INSERT INTO sc_choose VALUES (1806100183, 1806000171, 180600017, 0, 0,0);
INSERT INTO sc_choose VALUES (1806100186, 1806000171, 180600017, 0, 0,0);
INSERT INTO sc_choose VALUES (1806100196, 1806000171, 180600017, 0, 0,0);
INSERT INTO sc_choose VALUES (1806100220, 1806000171, 180600017, 0, 0,0);
INSERT INTO sc_choose VALUES (1806100226, 1806000171, 180600017, 0, 0,0);
INSERT INTO sc_choose VALUES (1806100229, 1806000171, 180600017, 0, 0,0);
INSERT INTO sc_choose VALUES (1806100004, 1806000171, 180600017, 0, 0,0);
INSERT INTO sc_choose VALUES (1806100009, 1806000171, 180600017, 0, 0,0);
INSERT INTO sc_choose VALUES (1806100015, 1806000171, 180600017, 0, 0,0);
INSERT INTO sc_choose VALUES (1806100020, 1806000171, 180600017, 0, 0,0);
INSERT INTO sc_choose VALUES (1806100025, 1806000171, 180600017, 0, 0,0);
INSERT INTO sc_choose VALUES (1806100030, 1806000171, 180600017, 0, 0,0);
INSERT INTO sc_choose VALUES (1806100034, 1806000171, 180600017, 0, 0,0);
INSERT INTO sc_choose VALUES (1806100039, 1806000171, 180600017, 0, 0,0);
INSERT INTO sc_choose VALUES (1806100044, 1806000171, 180600017, 0, 0,0);
INSERT INTO sc_choose VALUES (1806100048, 1806000171, 180600017, 0, 0,0);
INSERT INTO sc_choose VALUES (1806100049, 1806000171, 180600017, 0, 0,0);
INSERT INTO sc_choose VALUES (1806100054, 1806000171, 180600017, 0, 0,0);
INSERT INTO sc_choose VALUES (1806100059, 1806000171, 180600017, 0, 0,0);
INSERT INTO sc_choose VALUES (1806100069, 1806000171, 180600017, 0, 0,0);
INSERT INTO sc_choose VALUES (1806100074, 1806000171, 180600017, 0, 0,0);
INSERT INTO sc_choose VALUES (1806100077, 1806000171, 180600017, 0, 0,0);
INSERT INTO sc_choose VALUES (1806100084, 1806000171, 180600017, 0, 0,0);
INSERT INTO sc_choose VALUES (1806100089, 1806000171, 180600017, 0, 0,0);
INSERT INTO sc_choose VALUES (1806100094, 1806000171, 180600017, 0, 0,0);
INSERT INTO sc_choose VALUES (1806100097, 1806000171, 180600017, 0, 0,0);
INSERT INTO sc_choose VALUES (1806100110, 1806000171, 180600017, 0, 0,0);
INSERT INTO sc_choose VALUES (1806100111, 1806000171, 180600017, 0, 0,0);
INSERT INTO sc_choose VALUES (1806100116, 1806000171, 180600017, 0, 0,0);
INSERT INTO sc_choose VALUES (1806100121, 1806000171, 180600017, 0, 0,0);
INSERT INTO sc_choose VALUES (1806100126, 1806000171, 180600017, 0, 0,0);
INSERT INTO sc_choose VALUES (1806100131, 1806000171, 180600017, 0, 0,0);
INSERT INTO sc_choose VALUES (1806100133, 1806000171, 180600017, 0, 0,0);
INSERT INTO sc_choose VALUES (1806100136, 1806000171, 180600017, 0, 0,0);
INSERT INTO sc_choose VALUES (1806100141, 1806000171, 180600017, 0, 0,0);
INSERT INTO sc_choose VALUES (1806100143, 1806000171, 180600017, 0, 0,0);
INSERT INTO sc_choose VALUES (1806100146, 1806000171, 180600017, 0, 0,0);
INSERT INTO sc_choose VALUES (1806100159, 1806000171, 180600017, 0, 0,0);
INSERT INTO sc_choose VALUES (1806100161, 1806000171, 180600017, 0, 0,0);
INSERT INTO sc_choose VALUES (1806100166, 1806000171, 180600017, 0, 0,0);
INSERT INTO sc_choose VALUES (1806100171, 1806000171, 180600017, 0, 0,0);
INSERT INTO sc_choose VALUES (1806100178, 1806000171, 180600017, 0, 0,0);
INSERT INTO sc_choose VALUES (1806100182, 1806000171, 180600017, 0, 0,0);
INSERT INTO sc_choose VALUES (1806100189, 1806000171, 180600017, 0, 0,0);
INSERT INTO sc_choose VALUES (1806100197, 1806000171, 180600017, 0, 0,0);
INSERT INTO sc_choose VALUES (1806100202, 1806000171, 180600017, 0, 0,0);
INSERT INTO sc_choose VALUES (1806100003, 1806000172, 180600017, 0, 0,0);
INSERT INTO sc_choose VALUES (1806100011, 1806000172, 180600017, 0, 0,0);
INSERT INTO sc_choose VALUES (1806100014, 1806000172, 180600017, 0, 0,0);
INSERT INTO sc_choose VALUES (1806100021, 1806000172, 180600017, 0, 0,0);
INSERT INTO sc_choose VALUES (1806100024, 1806000172, 180600017, 0, 0,0);
INSERT INTO sc_choose VALUES (1806100031, 1806000172, 180600017, 0, 0,0);
INSERT INTO sc_choose VALUES (1806100035, 1806000172, 180600017, 0, 0,0);
INSERT INTO sc_choose VALUES (1806100038, 1806000172, 180600017, 0, 0,0);
INSERT INTO sc_choose VALUES (1806100045, 1806000172, 180600017, 0, 0,0);
INSERT INTO sc_choose VALUES (1806100055, 1806000172, 180600017, 0, 0,0);
INSERT INTO sc_choose VALUES (1806100058, 1806000172, 180600017, 0, 0,0);
INSERT INTO sc_choose VALUES (1806100060, 1806000172, 180600017, 0, 0,0);
INSERT INTO sc_choose VALUES (1806100063, 1806000172, 180600017, 0, 0,0);
INSERT INTO sc_choose VALUES (1806100066, 1806000172, 180600017, 0, 0,0);
INSERT INTO sc_choose VALUES (1806100070, 1806000172, 180600017, 0, 0,0);
INSERT INTO sc_choose VALUES (1806100073, 1806000172, 180600017, 0, 0,0);
INSERT INTO sc_choose VALUES (1806100078, 1806000172, 180600017, 0, 0,0);
INSERT INTO sc_choose VALUES (1806100085, 1806000172, 180600017, 0, 0,0);
INSERT INTO sc_choose VALUES (1806100088, 1806000172, 180600017, 0, 0,0);
INSERT INTO sc_choose VALUES (1806100098, 1806000172, 180600017, 0, 0,0);
INSERT INTO sc_choose VALUES (1806100101, 1806000172, 180600017, 0, 0,0);
INSERT INTO sc_choose VALUES (1806100108, 1806000172, 180600017, 0, 0,0);
INSERT INTO sc_choose VALUES (1806100117, 1806000172, 180600017, 0, 0,0);
INSERT INTO sc_choose VALUES (1806100120, 1806000172, 180600017, 0, 0,0);
INSERT INTO sc_choose VALUES (1806100127, 1806000172, 180600017, 0, 0,0);
INSERT INTO sc_choose VALUES (1806100130, 1806000172, 180600017, 0, 0,0);
INSERT INTO sc_choose VALUES (1806100137, 1806000172, 180600017, 0, 0,0);
INSERT INTO sc_choose VALUES (1806100140, 1806000172, 180600017, 0, 0,0);
INSERT INTO sc_choose VALUES (1806100147, 1806000172, 180600017, 0, 0,0);
INSERT INTO sc_choose VALUES (1806100150, 1806000172, 180600017, 0, 0,0);
INSERT INTO sc_choose VALUES (1806100154, 1806000172, 180600017, 0, 0,0);
INSERT INTO sc_choose VALUES (1806100167, 1806000172, 180600017, 0, 0,0);
INSERT INTO sc_choose VALUES (1806100170, 1806000172, 180600017, 0, 0,0);
INSERT INTO sc_choose VALUES (1806100173, 1806000172, 180600017, 0, 0,0);
INSERT INTO sc_choose VALUES (1806100175, 1806000172, 180600017, 0, 0,0);
INSERT INTO sc_choose VALUES (1806100177, 1806000172, 180600017, 0, 0,0);
INSERT INTO sc_choose VALUES (1806100181, 1806000172, 180600017, 0, 0,0);
INSERT INTO sc_choose VALUES (1806100188, 1806000172, 180600017, 0, 0,0);
INSERT INTO sc_choose VALUES (1806100198, 1806000172, 180600017, 0, 0,0);
INSERT INTO sc_choose VALUES (1806100201, 1806000172, 180600017, 0, 0,0);
INSERT INTO sc_choose VALUES (1806100005, 1806000172, 180600017, 0, 0,0);
INSERT INTO sc_choose VALUES (1806100012, 1806000172, 180600017, 0, 0,0);
INSERT INTO sc_choose VALUES (1806100013, 1806000172, 180600017, 0, 0,0);
INSERT INTO sc_choose VALUES (1806100022, 1806000172, 180600017, 0, 0,0);
INSERT INTO sc_choose VALUES (1806100023, 1806000172, 180600017, 0, 0,0);
INSERT INTO sc_choose VALUES (1806100032, 1806000172, 180600017, 0, 0,0);
INSERT INTO sc_choose VALUES (1806100036, 1806000172, 180600017, 0, 0,0);
INSERT INTO sc_choose VALUES (1806100037, 1806000172, 180600017, 0, 0,0);
INSERT INTO sc_choose VALUES (1806100046, 1806000172, 180600017, 0, 0,0);
INSERT INTO sc_choose VALUES (1806100047, 1806000172, 180600017, 0, 0,0);
INSERT INTO sc_choose VALUES (1806100056, 1806000172, 180600017, 0, 0,0);
INSERT INTO sc_choose VALUES (1806100057, 1806000172, 180600017, 0, 0,0);
INSERT INTO sc_choose VALUES (1806100061, 1806000172, 180600017, 0, 0,0);
INSERT INTO sc_choose VALUES (1806100062, 1806000172, 180600017, 0, 0,0);
INSERT INTO sc_choose VALUES (1806100071, 1806000172, 180600017, 0, 0,0);
INSERT INTO sc_choose VALUES (1806100072, 1806000172, 180600017, 0, 0,0);
INSERT INTO sc_choose VALUES (1806100086, 1806000172, 180600017, 0, 0,0);
INSERT INTO sc_choose VALUES (1806100087, 1806000172, 180600017, 0, 0,0);
INSERT INTO sc_choose VALUES (1806100109, 1806000172, 180600017, 0, 0,0);
INSERT INTO sc_choose VALUES (1806100113, 1806000172, 180600017, 0, 0,0);
INSERT INTO sc_choose VALUES (1806100118, 1806000172, 180600017, 0, 0,0);
INSERT INTO sc_choose VALUES (1806100119, 1806000172, 180600017, 0, 0,0);
INSERT INTO sc_choose VALUES (1806100128, 1806000172, 180600017, 0, 0,0);
INSERT INTO sc_choose VALUES (1806100129, 1806000172, 180600017, 0, 0,0);
INSERT INTO sc_choose VALUES (1806100138, 1806000172, 180600017, 0, 0,0);
INSERT INTO sc_choose VALUES (1806100139, 1806000172, 180600017, 0, 0,0);
INSERT INTO sc_choose VALUES (1806100144, 1806000172, 180600017, 0, 0,0);
INSERT INTO sc_choose VALUES (1806100148, 1806000172, 180600017, 0, 0,0);
INSERT INTO sc_choose VALUES (1806100149, 1806000172, 180600017, 0, 0,0);
INSERT INTO sc_choose VALUES (1806100156, 1806000172, 180600017, 0, 0,0);
INSERT INTO sc_choose VALUES (1806100157, 1806000172, 180600017, 0, 0,0);
INSERT INTO sc_choose VALUES (1806100168, 1806000172, 180600017, 0, 0,0);
INSERT INTO sc_choose VALUES (1806100169, 1806000172, 180600017, 0, 0,0);
INSERT INTO sc_choose VALUES (1806100174, 1806000172, 180600017, 0, 0,0);
INSERT INTO sc_choose VALUES (1806100176, 1806000172, 180600017, 0, 0,0);
INSERT INTO sc_choose VALUES (1806100179, 1806000172, 180600017, 0, 0,0);
INSERT INTO sc_choose VALUES (1806100180, 1806000172, 180600017, 0, 0,0);
INSERT INTO sc_choose VALUES (1806100199, 1806000172, 180600017, 0, 0,0);
INSERT INTO sc_choose VALUES (1806100200, 1806000172, 180600017, 0, 0,0);
INSERT INTO sc_choose VALUES (1806107239, 1806000172, 180600017, 0, 0,0);
INSERT INTO sc_choose VALUES (1806100191, 1806000180, 180600018, 0, 0,0);
INSERT INTO sc_choose VALUES (1806100192, 1806000180, 180600018, 0, 0,0);
INSERT INTO sc_choose VALUES (1806100193, 1806000180, 180600018, 0, 0,0);
INSERT INTO sc_choose VALUES (1806100194, 1806000180, 180600018, 0, 0,0);
INSERT INTO sc_choose VALUES (1806100195, 1806000180, 180600018, 0, 0,0);
INSERT INTO sc_choose VALUES (1806100203, 1806000180, 180600018, 0, 0,0);
INSERT INTO sc_choose VALUES (1806100204, 1806000180, 180600018, 0, 0,0);
INSERT INTO sc_choose VALUES (1806100205, 1806000180, 180600018, 0, 0,0);
INSERT INTO sc_choose VALUES (1806100206, 1806000180, 180600018, 0, 0,0);
INSERT INTO sc_choose VALUES (1806100207, 1806000180, 180600018, 0, 0,0);
INSERT INTO sc_choose VALUES (1806100208, 1806000180, 180600018, 0, 0,0);
INSERT INTO sc_choose VALUES (1806100209, 1806000180, 180600018, 0, 0,0);
INSERT INTO sc_choose VALUES (1806100210, 1806000180, 180600018, 0, 0,0);
INSERT INTO sc_choose VALUES (1806100211, 1806000180, 180600018, 0, 0,0);
INSERT INTO sc_choose VALUES (1806100212, 1806000180, 180600018, 0, 0,0);
INSERT INTO sc_choose VALUES (1806100213, 1806000180, 180600018, 0, 0,0);
INSERT INTO sc_choose VALUES (1806100214, 1806000180, 180600018, 0, 0,0);
INSERT INTO sc_choose VALUES (1806100215, 1806000180, 180600018, 0, 0,0);
INSERT INTO sc_choose VALUES (1806100216, 1806000180, 180600018, 0, 0,0);
INSERT INTO sc_choose VALUES (1806100217, 1806000180, 180600018, 0, 0,0);
INSERT INTO sc_choose VALUES (1806100218, 1806000180, 180600018, 0, 0,0);
INSERT INTO sc_choose VALUES (1806100219, 1806000180, 180600018, 0, 0,0);
INSERT INTO sc_choose VALUES (1806100222, 1806000180, 180600018, 0, 0,0);
INSERT INTO sc_choose VALUES (1806100223, 1806000180, 180600018, 0, 0,0);
INSERT INTO sc_choose VALUES (1806100224, 1806000180, 180600018, 0, 0,0);
INSERT INTO sc_choose VALUES (1806100225, 1806000180, 180600018, 0, 0,0);
INSERT INTO sc_choose VALUES (1806100227, 1806000180, 180600018, 0, 0,0);
INSERT INTO sc_choose VALUES (1806100228, 1806000180, 180600018, 0, 0,0);
INSERT INTO sc_choose VALUES (1806100230, 1806000180, 180600018, 0, 0,0);
INSERT INTO sc_choose VALUES (1806100231, 1806000180, 180600018, 0, 0,0);
INSERT INTO sc_choose VALUES (1806100232, 1806000180, 180600018, 0, 0,0);
INSERT INTO sc_choose VALUES (1806100233, 1806000180, 180600018, 0, 0,0);
INSERT INTO sc_choose VALUES (1806100234, 1806000180, 180600018, 0, 0,0);
INSERT INTO sc_choose VALUES (1806100235, 1806000180, 180600018, 0, 0,0);
INSERT INTO sc_choose VALUES (1806100236, 1806000180, 180600018, 0, 0,0);
INSERT INTO sc_choose VALUES (1806100237, 1806000180, 180600018, 0, 0,0);
INSERT INTO sc_choose VALUES (1806100001, 1806000180, 180600018, 0, 0,0);
INSERT INTO sc_choose VALUES (1806100007, 1806000180, 180600018, 0, 0,0);
INSERT INTO sc_choose VALUES (1806100010, 1806000180, 180600018, 0, 0,0);
INSERT INTO sc_choose VALUES (1806100017, 1806000180, 180600018, 0, 0,0);
INSERT INTO sc_choose VALUES (1806100018, 1806000180, 180600018, 0, 0,0);
INSERT INTO sc_choose VALUES (1806100027, 1806000180, 180600018, 0, 0,0);
INSERT INTO sc_choose VALUES (1806100028, 1806000180, 180600018, 0, 0,0);
INSERT INTO sc_choose VALUES (1806100041, 1806000180, 180600018, 0, 0,0);
INSERT INTO sc_choose VALUES (1806100042, 1806000180, 180600018, 0, 0,0);
INSERT INTO sc_choose VALUES (1806100051, 1806000180, 180600018, 0, 0,0);
INSERT INTO sc_choose VALUES (1806100052, 1806000180, 180600018, 0, 0,0);
INSERT INTO sc_choose VALUES (1806100064, 1806000180, 180600018, 0, 0,0);
INSERT INTO sc_choose VALUES (1806100067, 1806000180, 180600018, 0, 0,0);
INSERT INTO sc_choose VALUES (1806100076, 1806000180, 180600018, 0, 0,0);
INSERT INTO sc_choose VALUES (1806100079, 1806000180, 180600018, 0, 0,0);
INSERT INTO sc_choose VALUES (1806100081, 1806000180, 180600018, 0, 0,0);
INSERT INTO sc_choose VALUES (1806100082, 1806000180, 180600018, 0, 0,0);
INSERT INTO sc_choose VALUES (1806100091, 1806000180, 180600018, 0, 0,0);
INSERT INTO sc_choose VALUES (1806100092, 1806000180, 180600018, 0, 0,0);
INSERT INTO sc_choose VALUES (1806100095, 1806000180, 180600018, 0, 0,0);
INSERT INTO sc_choose VALUES (1806100099, 1806000180, 180600018, 0, 0,0);
INSERT INTO sc_choose VALUES (1806100100, 1806000180, 180600018, 0, 0,0);
INSERT INTO sc_choose VALUES (1806100102, 1806000180, 180600018, 0, 0,0);
INSERT INTO sc_choose VALUES (1806100104, 1806000180, 180600018, 0, 0,0);
INSERT INTO sc_choose VALUES (1806100105, 1806000180, 180600018, 0, 0,0);
INSERT INTO sc_choose VALUES (1806100107, 1806000180, 180600018, 0, 0,0);
INSERT INTO sc_choose VALUES (1806100114, 1806000180, 180600018, 0, 0,0);
INSERT INTO sc_choose VALUES (1806100123, 1806000180, 180600018, 0, 0,0);
INSERT INTO sc_choose VALUES (1806100124, 1806000180, 180600018, 0, 0,0);
INSERT INTO sc_choose VALUES (1806100134, 1806000180, 180600018, 0, 0,0);
INSERT INTO sc_choose VALUES (1806100151, 1806000180, 180600018, 0, 0,0);
INSERT INTO sc_choose VALUES (1806100152, 1806000180, 180600018, 0, 0,0);
INSERT INTO sc_choose VALUES (1806100153, 1806000180, 180600018, 0, 0,0);
INSERT INTO sc_choose VALUES (1806100158, 1806000180, 180600018, 0, 0,0);
INSERT INTO sc_choose VALUES (1806100163, 1806000180, 180600018, 0, 0,0);
INSERT INTO sc_choose VALUES (1806100164, 1806000180, 180600018, 0, 0,0);
INSERT INTO sc_choose VALUES (1806100184, 1806000180, 180600018, 0, 0,0);
INSERT INTO sc_choose VALUES (1806100185, 1806000180, 180600018, 0, 0,0);
INSERT INTO sc_choose VALUES (1806100187, 1806000180, 180600018, 0, 0,0);
INSERT INTO sc_choose VALUES (1806100190, 1806000180, 180600018, 0, 0,0);
INSERT INTO sc_choose VALUES (1806100221, 1806000180, 180600018, 0, 0,0);
INSERT INTO sc_choose VALUES (1806100002, 1806000181, 180600018, 0, 0,0);
INSERT INTO sc_choose VALUES (1806100006, 1806000181, 180600018, 0, 0,0);
INSERT INTO sc_choose VALUES (1806100008, 1806000181, 180600018, 0, 0,0);
INSERT INTO sc_choose VALUES (1806100016, 1806000181, 180600018, 0, 0,0);
INSERT INTO sc_choose VALUES (1806100019, 1806000181, 180600018, 0, 0,0);
INSERT INTO sc_choose VALUES (1806100026, 1806000181, 180600018, 0, 0,0);
INSERT INTO sc_choose VALUES (1806100029, 1806000181, 180600018, 0, 0,0);
INSERT INTO sc_choose VALUES (1806100033, 1806000181, 180600018, 0, 0,0);
INSERT INTO sc_choose VALUES (1806100040, 1806000181, 180600018, 0, 0,0);
INSERT INTO sc_choose VALUES (1806100043, 1806000181, 180600018, 0, 0,0);
INSERT INTO sc_choose VALUES (1806100050, 1806000181, 180600018, 0, 0,0);
INSERT INTO sc_choose VALUES (1806100053, 1806000181, 180600018, 0, 0,0);
INSERT INTO sc_choose VALUES (1806100065, 1806000181, 180600018, 0, 0,0);
INSERT INTO sc_choose VALUES (1806100068, 1806000181, 180600018, 0, 0,0);
INSERT INTO sc_choose VALUES (1806100075, 1806000181, 180600018, 0, 0,0);
INSERT INTO sc_choose VALUES (1806100080, 1806000181, 180600018, 0, 0,0);
INSERT INTO sc_choose VALUES (1806100083, 1806000181, 180600018, 0, 0,0);
INSERT INTO sc_choose VALUES (1806100090, 1806000181, 180600018, 0, 0,0);
INSERT INTO sc_choose VALUES (1806100093, 1806000181, 180600018, 0, 0,0);
INSERT INTO sc_choose VALUES (1806100096, 1806000181, 180600018, 0, 0,0);
INSERT INTO sc_choose VALUES (1806100103, 1806000181, 180600018, 0, 0,0);
INSERT INTO sc_choose VALUES (1806100106, 1806000181, 180600018, 0, 0,0);
INSERT INTO sc_choose VALUES (1806100112, 1806000181, 180600018, 0, 0,0);
INSERT INTO sc_choose VALUES (1806100115, 1806000181, 180600018, 0, 0,0);
INSERT INTO sc_choose VALUES (1806100122, 1806000181, 180600018, 0, 0,0);
INSERT INTO sc_choose VALUES (1806100125, 1806000181, 180600018, 0, 0,0);
INSERT INTO sc_choose VALUES (1806100132, 1806000181, 180600018, 0, 0,0);
INSERT INTO sc_choose VALUES (1806100135, 1806000181, 180600018, 0, 0,0);
INSERT INTO sc_choose VALUES (1806100142, 1806000181, 180600018, 0, 0,0);
INSERT INTO sc_choose VALUES (1806100145, 1806000181, 180600018, 0, 0,0);
INSERT INTO sc_choose VALUES (1806100155, 1806000181, 180600018, 0, 0,0);
INSERT INTO sc_choose VALUES (1806100160, 1806000181, 180600018, 0, 0,0);
INSERT INTO sc_choose VALUES (1806100162, 1806000181, 180600018, 0, 0,0);
INSERT INTO sc_choose VALUES (1806100165, 1806000181, 180600018, 0, 0,0);
INSERT INTO sc_choose VALUES (1806100172, 1806000181, 180600018, 0, 0,0);
INSERT INTO sc_choose VALUES (1806100183, 1806000181, 180600018, 0, 0,0);
INSERT INTO sc_choose VALUES (1806100186, 1806000181, 180600018, 0, 0,0);
INSERT INTO sc_choose VALUES (1806100196, 1806000181, 180600018, 0, 0,0);
INSERT INTO sc_choose VALUES (1806100220, 1806000181, 180600018, 0, 0,0);
INSERT INTO sc_choose VALUES (1806100226, 1806000181, 180600018, 0, 0,0);
INSERT INTO sc_choose VALUES (1806100229, 1806000181, 180600018, 0, 0,0);
INSERT INTO sc_choose VALUES (1806100004, 1806000181, 180600018, 0, 0,0);
INSERT INTO sc_choose VALUES (1806100009, 1806000181, 180600018, 0, 0,0);
INSERT INTO sc_choose VALUES (1806100015, 1806000181, 180600018, 0, 0,0);
INSERT INTO sc_choose VALUES (1806100020, 1806000181, 180600018, 0, 0,0);
INSERT INTO sc_choose VALUES (1806100025, 1806000181, 180600018, 0, 0,0);
INSERT INTO sc_choose VALUES (1806100030, 1806000181, 180600018, 0, 0,0);
INSERT INTO sc_choose VALUES (1806100034, 1806000181, 180600018, 0, 0,0);
INSERT INTO sc_choose VALUES (1806100039, 1806000181, 180600018, 0, 0,0);
INSERT INTO sc_choose VALUES (1806100044, 1806000181, 180600018, 0, 0,0);
INSERT INTO sc_choose VALUES (1806100048, 1806000181, 180600018, 0, 0,0);
INSERT INTO sc_choose VALUES (1806100049, 1806000181, 180600018, 0, 0,0);
INSERT INTO sc_choose VALUES (1806100054, 1806000181, 180600018, 0, 0,0);
INSERT INTO sc_choose VALUES (1806100059, 1806000181, 180600018, 0, 0,0);
INSERT INTO sc_choose VALUES (1806100069, 1806000181, 180600018, 0, 0,0);
INSERT INTO sc_choose VALUES (1806100074, 1806000181, 180600018, 0, 0,0);
INSERT INTO sc_choose VALUES (1806100077, 1806000181, 180600018, 0, 0,0);
INSERT INTO sc_choose VALUES (1806100084, 1806000181, 180600018, 0, 0,0);
INSERT INTO sc_choose VALUES (1806100089, 1806000181, 180600018, 0, 0,0);
INSERT INTO sc_choose VALUES (1806100094, 1806000181, 180600018, 0, 0,0);
INSERT INTO sc_choose VALUES (1806100097, 1806000181, 180600018, 0, 0,0);
INSERT INTO sc_choose VALUES (1806100110, 1806000181, 180600018, 0, 0,0);
INSERT INTO sc_choose VALUES (1806100111, 1806000181, 180600018, 0, 0,0);
INSERT INTO sc_choose VALUES (1806100116, 1806000181, 180600018, 0, 0,0);
INSERT INTO sc_choose VALUES (1806100121, 1806000181, 180600018, 0, 0,0);
INSERT INTO sc_choose VALUES (1806100126, 1806000181, 180600018, 0, 0,0);
INSERT INTO sc_choose VALUES (1806100131, 1806000181, 180600018, 0, 0,0);
INSERT INTO sc_choose VALUES (1806100133, 1806000181, 180600018, 0, 0,0);
INSERT INTO sc_choose VALUES (1806100136, 1806000181, 180600018, 0, 0,0);
INSERT INTO sc_choose VALUES (1806100141, 1806000181, 180600018, 0, 0,0);
INSERT INTO sc_choose VALUES (1806100143, 1806000181, 180600018, 0, 0,0);
INSERT INTO sc_choose VALUES (1806100146, 1806000181, 180600018, 0, 0,0);
INSERT INTO sc_choose VALUES (1806100159, 1806000181, 180600018, 0, 0,0);
INSERT INTO sc_choose VALUES (1806100161, 1806000181, 180600018, 0, 0,0);
INSERT INTO sc_choose VALUES (1806100166, 1806000181, 180600018, 0, 0,0);
INSERT INTO sc_choose VALUES (1806100171, 1806000181, 180600018, 0, 0,0);
INSERT INTO sc_choose VALUES (1806100178, 1806000181, 180600018, 0, 0,0);
INSERT INTO sc_choose VALUES (1806100182, 1806000181, 180600018, 0, 0,0);
INSERT INTO sc_choose VALUES (1806100189, 1806000181, 180600018, 0, 0,0);
INSERT INTO sc_choose VALUES (1806100197, 1806000181, 180600018, 0, 0,0);
INSERT INTO sc_choose VALUES (1806100202, 1806000181, 180600018, 0, 0,0);
INSERT INTO sc_choose VALUES (1806100003, 1806000182, 180600018, 0, 0,0);
INSERT INTO sc_choose VALUES (1806100011, 1806000182, 180600018, 0, 0,0);
INSERT INTO sc_choose VALUES (1806100014, 1806000182, 180600018, 0, 0,0);
INSERT INTO sc_choose VALUES (1806100021, 1806000182, 180600018, 0, 0,0);
INSERT INTO sc_choose VALUES (1806100024, 1806000182, 180600018, 0, 0,0);
INSERT INTO sc_choose VALUES (1806100031, 1806000182, 180600018, 0, 0,0);
INSERT INTO sc_choose VALUES (1806100035, 1806000182, 180600018, 0, 0,0);
INSERT INTO sc_choose VALUES (1806100038, 1806000182, 180600018, 0, 0,0);
INSERT INTO sc_choose VALUES (1806100045, 1806000182, 180600018, 0, 0,0);
INSERT INTO sc_choose VALUES (1806100055, 1806000182, 180600018, 0, 0,0);
INSERT INTO sc_choose VALUES (1806100058, 1806000182, 180600018, 0, 0,0);
INSERT INTO sc_choose VALUES (1806100060, 1806000182, 180600018, 0, 0,0);
INSERT INTO sc_choose VALUES (1806100063, 1806000182, 180600018, 0, 0,0);
INSERT INTO sc_choose VALUES (1806100066, 1806000182, 180600018, 0, 0,0);
INSERT INTO sc_choose VALUES (1806100070, 1806000182, 180600018, 0, 0,0);
INSERT INTO sc_choose VALUES (1806100073, 1806000182, 180600018, 0, 0,0);
INSERT INTO sc_choose VALUES (1806100078, 1806000182, 180600018, 0, 0,0);
INSERT INTO sc_choose VALUES (1806100085, 1806000182, 180600018, 0, 0,0);
INSERT INTO sc_choose VALUES (1806100088, 1806000182, 180600018, 0, 0,0);
INSERT INTO sc_choose VALUES (1806100098, 1806000182, 180600018, 0, 0,0);
INSERT INTO sc_choose VALUES (1806100101, 1806000182, 180600018, 0, 0,0);
INSERT INTO sc_choose VALUES (1806100108, 1806000182, 180600018, 0, 0,0);
INSERT INTO sc_choose VALUES (1806100117, 1806000182, 180600018, 0, 0,0);
INSERT INTO sc_choose VALUES (1806100120, 1806000182, 180600018, 0, 0,0);
INSERT INTO sc_choose VALUES (1806100127, 1806000182, 180600018, 0, 0,0);
INSERT INTO sc_choose VALUES (1806100130, 1806000182, 180600018, 0, 0,0);
INSERT INTO sc_choose VALUES (1806100137, 1806000182, 180600018, 0, 0,0);
INSERT INTO sc_choose VALUES (1806100140, 1806000182, 180600018, 0, 0,0);
INSERT INTO sc_choose VALUES (1806100147, 1806000182, 180600018, 0, 0,0);
INSERT INTO sc_choose VALUES (1806100150, 1806000182, 180600018, 0, 0,0);
INSERT INTO sc_choose VALUES (1806100154, 1806000182, 180600018, 0, 0,0);
INSERT INTO sc_choose VALUES (1806100167, 1806000182, 180600018, 0, 0,0);
INSERT INTO sc_choose VALUES (1806100170, 1806000182, 180600018, 0, 0,0);
INSERT INTO sc_choose VALUES (1806100173, 1806000182, 180600018, 0, 0,0);
INSERT INTO sc_choose VALUES (1806100175, 1806000182, 180600018, 0, 0,0);
INSERT INTO sc_choose VALUES (1806100177, 1806000182, 180600018, 0, 0,0);
INSERT INTO sc_choose VALUES (1806100181, 1806000182, 180600018, 0, 0,0);
INSERT INTO sc_choose VALUES (1806100188, 1806000182, 180600018, 0, 0,0);
INSERT INTO sc_choose VALUES (1806100198, 1806000182, 180600018, 0, 0,0);
INSERT INTO sc_choose VALUES (1806100201, 1806000182, 180600018, 0, 0,0);
INSERT INTO sc_choose VALUES (1806100005, 1806000182, 180600018, 0, 0,0);
INSERT INTO sc_choose VALUES (1806100012, 1806000182, 180600018, 0, 0,0);
INSERT INTO sc_choose VALUES (1806100013, 1806000182, 180600018, 0, 0,0);
INSERT INTO sc_choose VALUES (1806100022, 1806000182, 180600018, 0, 0,0);
INSERT INTO sc_choose VALUES (1806100023, 1806000182, 180600018, 0, 0,0);
INSERT INTO sc_choose VALUES (1806100032, 1806000182, 180600018, 0, 0,0);
INSERT INTO sc_choose VALUES (1806100036, 1806000182, 180600018, 0, 0,0);
INSERT INTO sc_choose VALUES (1806100037, 1806000182, 180600018, 0, 0,0);
INSERT INTO sc_choose VALUES (1806100046, 1806000182, 180600018, 0, 0,0);
INSERT INTO sc_choose VALUES (1806100047, 1806000182, 180600018, 0, 0,0);
INSERT INTO sc_choose VALUES (1806100056, 1806000182, 180600018, 0, 0,0);
INSERT INTO sc_choose VALUES (1806100057, 1806000182, 180600018, 0, 0,0);
INSERT INTO sc_choose VALUES (1806100061, 1806000182, 180600018, 0, 0,0);
INSERT INTO sc_choose VALUES (1806100062, 1806000182, 180600018, 0, 0,0);
INSERT INTO sc_choose VALUES (1806100071, 1806000182, 180600018, 0, 0,0);
INSERT INTO sc_choose VALUES (1806100072, 1806000182, 180600018, 0, 0,0);
INSERT INTO sc_choose VALUES (1806100086, 1806000182, 180600018, 0, 0,0);
INSERT INTO sc_choose VALUES (1806100087, 1806000182, 180600018, 0, 0,0);
INSERT INTO sc_choose VALUES (1806100109, 1806000182, 180600018, 0, 0,0);
INSERT INTO sc_choose VALUES (1806100113, 1806000182, 180600018, 0, 0,0);
INSERT INTO sc_choose VALUES (1806100118, 1806000182, 180600018, 0, 0,0);
INSERT INTO sc_choose VALUES (1806100119, 1806000182, 180600018, 0, 0,0);
INSERT INTO sc_choose VALUES (1806100128, 1806000182, 180600018, 0, 0,0);
INSERT INTO sc_choose VALUES (1806100129, 1806000182, 180600018, 0, 0,0);
INSERT INTO sc_choose VALUES (1806100138, 1806000182, 180600018, 0, 0,0);
INSERT INTO sc_choose VALUES (1806100139, 1806000182, 180600018, 0, 0,0);
INSERT INTO sc_choose VALUES (1806100144, 1806000182, 180600018, 0, 0,0);
INSERT INTO sc_choose VALUES (1806100148, 1806000182, 180600018, 0, 0,0);
INSERT INTO sc_choose VALUES (1806100149, 1806000182, 180600018, 0, 0,0);
INSERT INTO sc_choose VALUES (1806100156, 1806000182, 180600018, 0, 0,0);
INSERT INTO sc_choose VALUES (1806100157, 1806000182, 180600018, 0, 0,0);
INSERT INTO sc_choose VALUES (1806100168, 1806000182, 180600018, 0, 0,0);
INSERT INTO sc_choose VALUES (1806100169, 1806000182, 180600018, 0, 0,0);
INSERT INTO sc_choose VALUES (1806100174, 1806000182, 180600018, 0, 0,0);
INSERT INTO sc_choose VALUES (1806100176, 1806000182, 180600018, 0, 0,0);
INSERT INTO sc_choose VALUES (1806100179, 1806000182, 180600018, 0, 0,0);
INSERT INTO sc_choose VALUES (1806100180, 1806000182, 180600018, 0, 0,0);
INSERT INTO sc_choose VALUES (1806100199, 1806000182, 180600018, 0, 0,0);
INSERT INTO sc_choose VALUES (1806100200, 1806000182, 180600018, 0, 0,0);
INSERT INTO sc_choose VALUES (1806107239, 1806000182, 180600018, 0, 0,0);
INSERT INTO sc_choose VALUES (1806100191, 1806100010, 180610001, 0, 0,0);
INSERT INTO sc_choose VALUES (1806100192, 1806100010, 180610001, 0, 0,0);
INSERT INTO sc_choose VALUES (1806100193, 1806100010, 180610001, 0, 0,0);
INSERT INTO sc_choose VALUES (1806100194, 1806100010, 180610001, 0, 0,0);
INSERT INTO sc_choose VALUES (1806100195, 1806100010, 180610001, 0, 0,0);
INSERT INTO sc_choose VALUES (1806100203, 1806100010, 180610001, 0, 0,0);
INSERT INTO sc_choose VALUES (1806100204, 1806100010, 180610001, 0, 0,0);
INSERT INTO sc_choose VALUES (1806100205, 1806100010, 180610001, 0, 0,0);
INSERT INTO sc_choose VALUES (1806100206, 1806100010, 180610001, 0, 0,0);
INSERT INTO sc_choose VALUES (1806100207, 1806100010, 180610001, 0, 0,0);
INSERT INTO sc_choose VALUES (1806100208, 1806100010, 180610001, 0, 0,0);
INSERT INTO sc_choose VALUES (1806100209, 1806100010, 180610001, 0, 0,0);
INSERT INTO sc_choose VALUES (1806100210, 1806100010, 180610001, 0, 0,0);
INSERT INTO sc_choose VALUES (1806100211, 1806100010, 180610001, 0, 0,0);
INSERT INTO sc_choose VALUES (1806100212, 1806100010, 180610001, 0, 0,0);
INSERT INTO sc_choose VALUES (1806100213, 1806100010, 180610001, 0, 0,0);
INSERT INTO sc_choose VALUES (1806100214, 1806100010, 180610001, 0, 0,0);
INSERT INTO sc_choose VALUES (1806100215, 1806100010, 180610001, 0, 0,0);
INSERT INTO sc_choose VALUES (1806100216, 1806100010, 180610001, 0, 0,0);
INSERT INTO sc_choose VALUES (1806100217, 1806100010, 180610001, 0, 0,0);
INSERT INTO sc_choose VALUES (1806100218, 1806100010, 180610001, 0, 0,0);
INSERT INTO sc_choose VALUES (1806100219, 1806100010, 180610001, 0, 0,0);
INSERT INTO sc_choose VALUES (1806100222, 1806100010, 180610001, 0, 0,0);
INSERT INTO sc_choose VALUES (1806100223, 1806100010, 180610001, 0, 0,0);
INSERT INTO sc_choose VALUES (1806100224, 1806100010, 180610001, 0, 0,0);
INSERT INTO sc_choose VALUES (1806100225, 1806100010, 180610001, 0, 0,0);
INSERT INTO sc_choose VALUES (1806100227, 1806100010, 180610001, 0, 0,0);
INSERT INTO sc_choose VALUES (1806100228, 1806100010, 180610001, 0, 0,0);
INSERT INTO sc_choose VALUES (1806100230, 1806100010, 180610001, 0, 0,0);
INSERT INTO sc_choose VALUES (1806100231, 1806100010, 180610001, 0, 0,0);
INSERT INTO sc_choose VALUES (1806100232, 1806100010, 180610001, 0, 0,0);
INSERT INTO sc_choose VALUES (1806100233, 1806100010, 180610001, 0, 0,0);
INSERT INTO sc_choose VALUES (1806100234, 1806100010, 180610001, 0, 0,0);
INSERT INTO sc_choose VALUES (1806100235, 1806100010, 180610001, 0, 0,0);
INSERT INTO sc_choose VALUES (1806100236, 1806100010, 180610001, 0, 0,0);
INSERT INTO sc_choose VALUES (1806100237, 1806100010, 180610001, 0, 0,0);
INSERT INTO sc_choose VALUES (1806100001, 1806100010, 180610001, 0, 0,0);
INSERT INTO sc_choose VALUES (1806100007, 1806100010, 180610001, 0, 0,0);
INSERT INTO sc_choose VALUES (1806100010, 1806100010, 180610001, 0, 0,0);
INSERT INTO sc_choose VALUES (1806100017, 1806100010, 180610001, 0, 0,0);
INSERT INTO sc_choose VALUES (1806100018, 1806100010, 180610001, 0, 0,0);
INSERT INTO sc_choose VALUES (1806100027, 1806100010, 180610001, 0, 0,0);
INSERT INTO sc_choose VALUES (1806100028, 1806100010, 180610001, 0, 0,0);
INSERT INTO sc_choose VALUES (1806100041, 1806100010, 180610001, 0, 0,0);
INSERT INTO sc_choose VALUES (1806100042, 1806100010, 180610001, 0, 0,0);
INSERT INTO sc_choose VALUES (1806100051, 1806100010, 180610001, 0, 0,0);
INSERT INTO sc_choose VALUES (1806100052, 1806100010, 180610001, 0, 0,0);
INSERT INTO sc_choose VALUES (1806100064, 1806100010, 180610001, 0, 0,0);
INSERT INTO sc_choose VALUES (1806100067, 1806100010, 180610001, 0, 0,0);
INSERT INTO sc_choose VALUES (1806100076, 1806100010, 180610001, 0, 0,0);
INSERT INTO sc_choose VALUES (1806100079, 1806100010, 180610001, 0, 0,0);
INSERT INTO sc_choose VALUES (1806100081, 1806100010, 180610001, 0, 0,0);
INSERT INTO sc_choose VALUES (1806100082, 1806100010, 180610001, 0, 0,0);
INSERT INTO sc_choose VALUES (1806100091, 1806100010, 180610001, 0, 0,0);
INSERT INTO sc_choose VALUES (1806100092, 1806100010, 180610001, 0, 0,0);
INSERT INTO sc_choose VALUES (1806100095, 1806100010, 180610001, 0, 0,0);
INSERT INTO sc_choose VALUES (1806100099, 1806100010, 180610001, 0, 0,0);
INSERT INTO sc_choose VALUES (1806100100, 1806100010, 180610001, 0, 0,0);
INSERT INTO sc_choose VALUES (1806100102, 1806100010, 180610001, 0, 0,0);
INSERT INTO sc_choose VALUES (1806100104, 1806100010, 180610001, 0, 0,0);
INSERT INTO sc_choose VALUES (1806100105, 1806100010, 180610001, 0, 0,0);
INSERT INTO sc_choose VALUES (1806100107, 1806100010, 180610001, 0, 0,0);
INSERT INTO sc_choose VALUES (1806100114, 1806100010, 180610001, 0, 0,0);
INSERT INTO sc_choose VALUES (1806100123, 1806100010, 180610001, 0, 0,0);
INSERT INTO sc_choose VALUES (1806100124, 1806100010, 180610001, 0, 0,0);
INSERT INTO sc_choose VALUES (1806100134, 1806100010, 180610001, 0, 0,0);
INSERT INTO sc_choose VALUES (1806100151, 1806100010, 180610001, 0, 0,0);
INSERT INTO sc_choose VALUES (1806100152, 1806100010, 180610001, 0, 0,0);
INSERT INTO sc_choose VALUES (1806100153, 1806100010, 180610001, 0, 0,0);
INSERT INTO sc_choose VALUES (1806100158, 1806100010, 180610001, 0, 0,0);
INSERT INTO sc_choose VALUES (1806100163, 1806100010, 180610001, 0, 0,0);
INSERT INTO sc_choose VALUES (1806100164, 1806100010, 180610001, 0, 0,0);
INSERT INTO sc_choose VALUES (1806100184, 1806100010, 180610001, 0, 0,0);
INSERT INTO sc_choose VALUES (1806100185, 1806100010, 180610001, 0, 0,0);
INSERT INTO sc_choose VALUES (1806100187, 1806100010, 180610001, 0, 0,0);
INSERT INTO sc_choose VALUES (1806100190, 1806100010, 180610001, 0, 0,0);
INSERT INTO sc_choose VALUES (1806100221, 1806100010, 180610001, 0, 0,0);
INSERT INTO sc_choose VALUES (1806100002, 1806100010, 180610001, 0, 0,0);
INSERT INTO sc_choose VALUES (1806100006, 1806100010, 180610001, 0, 0,0);
INSERT INTO sc_choose VALUES (1806100008, 1806100010, 180610001, 0, 0,0);
INSERT INTO sc_choose VALUES (1806100016, 1806100010, 180610001, 0, 0,0);
INSERT INTO sc_choose VALUES (1806100019, 1806100010, 180610001, 0, 0,0);
INSERT INTO sc_choose VALUES (1806100026, 1806100010, 180610001, 0, 0,0);
INSERT INTO sc_choose VALUES (1806100029, 1806100010, 180610001, 0, 0,0);
INSERT INTO sc_choose VALUES (1806100033, 1806100010, 180610001, 0, 0,0);
INSERT INTO sc_choose VALUES (1806100040, 1806100010, 180610001, 0, 0,0);
INSERT INTO sc_choose VALUES (1806100043, 1806100010, 180610001, 0, 0,0);
INSERT INTO sc_choose VALUES (1806100050, 1806100010, 180610001, 0, 0,0);
INSERT INTO sc_choose VALUES (1806100053, 1806100010, 180610001, 0, 0,0);
INSERT INTO sc_choose VALUES (1806100065, 1806100010, 180610001, 0, 0,0);
INSERT INTO sc_choose VALUES (1806100068, 1806100010, 180610001, 0, 0,0);
INSERT INTO sc_choose VALUES (1806100075, 1806100010, 180610001, 0, 0,0);
INSERT INTO sc_choose VALUES (1806100080, 1806100010, 180610001, 0, 0,0);
INSERT INTO sc_choose VALUES (1806100083, 1806100010, 180610001, 0, 0,0);
INSERT INTO sc_choose VALUES (1806100090, 1806100010, 180610001, 0, 0,0);
INSERT INTO sc_choose VALUES (1806100093, 1806100010, 180610001, 0, 0,0);
INSERT INTO sc_choose VALUES (1806100096, 1806100010, 180610001, 0, 0,0);
INSERT INTO sc_choose VALUES (1806100103, 1806100010, 180610001, 0, 0,0);
INSERT INTO sc_choose VALUES (1806100106, 1806100010, 180610001, 0, 0,0);
INSERT INTO sc_choose VALUES (1806100112, 1806100010, 180610001, 0, 0,0);
INSERT INTO sc_choose VALUES (1806100115, 1806100010, 180610001, 0, 0,0);
INSERT INTO sc_choose VALUES (1806100122, 1806100010, 180610001, 0, 0,0);
INSERT INTO sc_choose VALUES (1806100125, 1806100010, 180610001, 0, 0,0);
INSERT INTO sc_choose VALUES (1806100132, 1806100010, 180610001, 0, 0,0);
INSERT INTO sc_choose VALUES (1806100135, 1806100010, 180610001, 0, 0,0);
INSERT INTO sc_choose VALUES (1806100142, 1806100010, 180610001, 0, 0,0);
INSERT INTO sc_choose VALUES (1806100145, 1806100010, 180610001, 0, 0,0);
INSERT INTO sc_choose VALUES (1806100155, 1806100010, 180610001, 0, 0,0);
INSERT INTO sc_choose VALUES (1806100160, 1806100010, 180610001, 0, 0,0);
INSERT INTO sc_choose VALUES (1806100162, 1806100010, 180610001, 0, 0,0);
INSERT INTO sc_choose VALUES (1806100165, 1806100010, 180610001, 0, 0,0);
INSERT INTO sc_choose VALUES (1806100172, 1806100010, 180610001, 0, 0,0);
INSERT INTO sc_choose VALUES (1806100183, 1806100010, 180610001, 0, 0,0);
INSERT INTO sc_choose VALUES (1806100186, 1806100010, 180610001, 0, 0,0);
INSERT INTO sc_choose VALUES (1806100196, 1806100010, 180610001, 0, 0,0);
INSERT INTO sc_choose VALUES (1806100220, 1806100010, 180610001, 0, 0,0);
INSERT INTO sc_choose VALUES (1806100226, 1806100010, 180610001, 0, 0,0);
INSERT INTO sc_choose VALUES (1806100229, 1806100010, 180610001, 0, 0,0);
INSERT INTO sc_choose VALUES (1806100004, 1806100011, 180610001, 0, 0,0);
INSERT INTO sc_choose VALUES (1806100009, 1806100011, 180610001, 0, 0,0);
INSERT INTO sc_choose VALUES (1806100015, 1806100011, 180610001, 0, 0,0);
INSERT INTO sc_choose VALUES (1806100020, 1806100011, 180610001, 0, 0,0);
INSERT INTO sc_choose VALUES (1806100025, 1806100011, 180610001, 0, 0,0);
INSERT INTO sc_choose VALUES (1806100030, 1806100011, 180610001, 0, 0,0);
INSERT INTO sc_choose VALUES (1806100034, 1806100011, 180610001, 0, 0,0);
INSERT INTO sc_choose VALUES (1806100039, 1806100011, 180610001, 0, 0,0);
INSERT INTO sc_choose VALUES (1806100044, 1806100011, 180610001, 0, 0,0);
INSERT INTO sc_choose VALUES (1806100048, 1806100011, 180610001, 0, 0,0);
INSERT INTO sc_choose VALUES (1806100049, 1806100011, 180610001, 0, 0,0);
INSERT INTO sc_choose VALUES (1806100054, 1806100011, 180610001, 0, 0,0);
INSERT INTO sc_choose VALUES (1806100059, 1806100011, 180610001, 0, 0,0);
INSERT INTO sc_choose VALUES (1806100069, 1806100011, 180610001, 0, 0,0);
INSERT INTO sc_choose VALUES (1806100074, 1806100011, 180610001, 0, 0,0);
INSERT INTO sc_choose VALUES (1806100077, 1806100011, 180610001, 0, 0,0);
INSERT INTO sc_choose VALUES (1806100084, 1806100011, 180610001, 0, 0,0);
INSERT INTO sc_choose VALUES (1806100089, 1806100011, 180610001, 0, 0,0);
INSERT INTO sc_choose VALUES (1806100094, 1806100011, 180610001, 0, 0,0);
INSERT INTO sc_choose VALUES (1806100097, 1806100011, 180610001, 0, 0,0);
INSERT INTO sc_choose VALUES (1806100110, 1806100011, 180610001, 0, 0,0);
INSERT INTO sc_choose VALUES (1806100111, 1806100011, 180610001, 0, 0,0);
INSERT INTO sc_choose VALUES (1806100116, 1806100011, 180610001, 0, 0,0);
INSERT INTO sc_choose VALUES (1806100121, 1806100011, 180610001, 0, 0,0);
INSERT INTO sc_choose VALUES (1806100126, 1806100011, 180610001, 0, 0,0);
INSERT INTO sc_choose VALUES (1806100131, 1806100011, 180610001, 0, 0,0);
INSERT INTO sc_choose VALUES (1806100133, 1806100011, 180610001, 0, 0,0);
INSERT INTO sc_choose VALUES (1806100136, 1806100011, 180610001, 0, 0,0);
INSERT INTO sc_choose VALUES (1806100141, 1806100011, 180610001, 0, 0,0);
INSERT INTO sc_choose VALUES (1806100143, 1806100011, 180610001, 0, 0,0);
INSERT INTO sc_choose VALUES (1806100146, 1806100011, 180610001, 0, 0,0);
INSERT INTO sc_choose VALUES (1806100159, 1806100011, 180610001, 0, 0,0);
INSERT INTO sc_choose VALUES (1806100161, 1806100011, 180610001, 0, 0,0);
INSERT INTO sc_choose VALUES (1806100166, 1806100011, 180610001, 0, 0,0);
INSERT INTO sc_choose VALUES (1806100171, 1806100011, 180610001, 0, 0,0);
INSERT INTO sc_choose VALUES (1806100178, 1806100011, 180610001, 0, 0,0);
INSERT INTO sc_choose VALUES (1806100182, 1806100011, 180610001, 0, 0,0);
INSERT INTO sc_choose VALUES (1806100189, 1806100011, 180610001, 0, 0,0);
INSERT INTO sc_choose VALUES (1806100197, 1806100011, 180610001, 0, 0,0);
INSERT INTO sc_choose VALUES (1806100202, 1806100011, 180610001, 0, 0,0);
INSERT INTO sc_choose VALUES (1806100003, 1806100011, 180610001, 0, 0,0);
INSERT INTO sc_choose VALUES (1806100011, 1806100011, 180610001, 0, 0,0);
INSERT INTO sc_choose VALUES (1806100014, 1806100011, 180610001, 0, 0,0);
INSERT INTO sc_choose VALUES (1806100021, 1806100011, 180610001, 0, 0,0);
INSERT INTO sc_choose VALUES (1806100024, 1806100011, 180610001, 0, 0,0);
INSERT INTO sc_choose VALUES (1806100031, 1806100011, 180610001, 0, 0,0);
INSERT INTO sc_choose VALUES (1806100035, 1806100011, 180610001, 0, 0,0);
INSERT INTO sc_choose VALUES (1806100038, 1806100011, 180610001, 0, 0,0);
INSERT INTO sc_choose VALUES (1806100045, 1806100011, 180610001, 0, 0,0);
INSERT INTO sc_choose VALUES (1806100055, 1806100011, 180610001, 0, 0,0);
INSERT INTO sc_choose VALUES (1806100058, 1806100011, 180610001, 0, 0,0);
INSERT INTO sc_choose VALUES (1806100060, 1806100011, 180610001, 0, 0,0);
INSERT INTO sc_choose VALUES (1806100063, 1806100011, 180610001, 0, 0,0);
INSERT INTO sc_choose VALUES (1806100066, 1806100011, 180610001, 0, 0,0);
INSERT INTO sc_choose VALUES (1806100070, 1806100011, 180610001, 0, 0,0);
INSERT INTO sc_choose VALUES (1806100073, 1806100011, 180610001, 0, 0,0);
INSERT INTO sc_choose VALUES (1806100078, 1806100011, 180610001, 0, 0,0);
INSERT INTO sc_choose VALUES (1806100085, 1806100011, 180610001, 0, 0,0);
INSERT INTO sc_choose VALUES (1806100088, 1806100011, 180610001, 0, 0,0);
INSERT INTO sc_choose VALUES (1806100098, 1806100011, 180610001, 0, 0,0);
INSERT INTO sc_choose VALUES (1806100101, 1806100011, 180610001, 0, 0,0);
INSERT INTO sc_choose VALUES (1806100108, 1806100011, 180610001, 0, 0,0);
INSERT INTO sc_choose VALUES (1806100117, 1806100011, 180610001, 0, 0,0);
INSERT INTO sc_choose VALUES (1806100120, 1806100011, 180610001, 0, 0,0);
INSERT INTO sc_choose VALUES (1806100127, 1806100011, 180610001, 0, 0,0);
INSERT INTO sc_choose VALUES (1806100130, 1806100011, 180610001, 0, 0,0);
INSERT INTO sc_choose VALUES (1806100137, 1806100011, 180610001, 0, 0,0);
INSERT INTO sc_choose VALUES (1806100140, 1806100011, 180610001, 0, 0,0);
INSERT INTO sc_choose VALUES (1806100147, 1806100011, 180610001, 0, 0,0);
INSERT INTO sc_choose VALUES (1806100150, 1806100011, 180610001, 0, 0,0);
INSERT INTO sc_choose VALUES (1806100154, 1806100011, 180610001, 0, 0,0);
INSERT INTO sc_choose VALUES (1806100167, 1806100011, 180610001, 0, 0,0);
INSERT INTO sc_choose VALUES (1806100170, 1806100011, 180610001, 0, 0,0);
INSERT INTO sc_choose VALUES (1806100173, 1806100011, 180610001, 0, 0,0);
INSERT INTO sc_choose VALUES (1806100175, 1806100011, 180610001, 0, 0,0);
INSERT INTO sc_choose VALUES (1806100177, 1806100011, 180610001, 0, 0,0);
INSERT INTO sc_choose VALUES (1806100181, 1806100011, 180610001, 0, 0,0);
INSERT INTO sc_choose VALUES (1806100188, 1806100011, 180610001, 0, 0,0);
INSERT INTO sc_choose VALUES (1806100198, 1806100011, 180610001, 0, 0,0);
INSERT INTO sc_choose VALUES (1806100201, 1806100011, 180610001, 0, 0,0);
INSERT INTO sc_choose VALUES (1806100005, 1806100011, 180610001, 0, 0,0);
INSERT INTO sc_choose VALUES (1806100012, 1806100011, 180610001, 0, 0,0);
INSERT INTO sc_choose VALUES (1806100013, 1806100011, 180610001, 0, 0,0);
INSERT INTO sc_choose VALUES (1806100022, 1806100011, 180610001, 0, 0,0);
INSERT INTO sc_choose VALUES (1806100023, 1806100011, 180610001, 0, 0,0);
INSERT INTO sc_choose VALUES (1806100032, 1806100011, 180610001, 0, 0,0);
INSERT INTO sc_choose VALUES (1806100036, 1806100011, 180610001, 0, 0,0);
INSERT INTO sc_choose VALUES (1806100037, 1806100011, 180610001, 0, 0,0);
INSERT INTO sc_choose VALUES (1806100046, 1806100011, 180610001, 0, 0,0);
INSERT INTO sc_choose VALUES (1806100047, 1806100011, 180610001, 0, 0,0);
INSERT INTO sc_choose VALUES (1806100056, 1806100011, 180610001, 0, 0,0);
INSERT INTO sc_choose VALUES (1806100057, 1806100011, 180610001, 0, 0,0);
INSERT INTO sc_choose VALUES (1806100061, 1806100011, 180610001, 0, 0,0);
INSERT INTO sc_choose VALUES (1806100062, 1806100011, 180610001, 0, 0,0);
INSERT INTO sc_choose VALUES (1806100071, 1806100011, 180610001, 0, 0,0);
INSERT INTO sc_choose VALUES (1806100072, 1806100011, 180610001, 0, 0,0);
INSERT INTO sc_choose VALUES (1806100086, 1806100011, 180610001, 0, 0,0);
INSERT INTO sc_choose VALUES (1806100087, 1806100011, 180610001, 0, 0,0);
INSERT INTO sc_choose VALUES (1806100109, 1806100011, 180610001, 0, 0,0);
INSERT INTO sc_choose VALUES (1806100113, 1806100011, 180610001, 0, 0,0);
INSERT INTO sc_choose VALUES (1806100118, 1806100011, 180610001, 0, 0,0);
INSERT INTO sc_choose VALUES (1806100119, 1806100011, 180610001, 0, 0,0);
INSERT INTO sc_choose VALUES (1806100128, 1806100011, 180610001, 0, 0,0);
INSERT INTO sc_choose VALUES (1806100129, 1806100011, 180610001, 0, 0,0);
INSERT INTO sc_choose VALUES (1806100138, 1806100011, 180610001, 0, 0,0);
INSERT INTO sc_choose VALUES (1806100139, 1806100011, 180610001, 0, 0,0);
INSERT INTO sc_choose VALUES (1806100144, 1806100011, 180610001, 0, 0,0);
INSERT INTO sc_choose VALUES (1806100148, 1806100011, 180610001, 0, 0,0);
INSERT INTO sc_choose VALUES (1806100149, 1806100011, 180610001, 0, 0,0);
INSERT INTO sc_choose VALUES (1806100156, 1806100011, 180610001, 0, 0,0);
INSERT INTO sc_choose VALUES (1806100157, 1806100011, 180610001, 0, 0,0);
INSERT INTO sc_choose VALUES (1806100168, 1806100011, 180610001, 0, 0,0);
INSERT INTO sc_choose VALUES (1806100169, 1806100011, 180610001, 0, 0,0);
INSERT INTO sc_choose VALUES (1806100174, 1806100011, 180610001, 0, 0,0);
INSERT INTO sc_choose VALUES (1806100176, 1806100011, 180610001, 0, 0,0);
INSERT INTO sc_choose VALUES (1806100179, 1806100011, 180610001, 0, 0,0);
INSERT INTO sc_choose VALUES (1806100180, 1806100011, 180610001, 0, 0,0);
INSERT INTO sc_choose VALUES (1806100199, 1806100011, 180610001, 0, 0,0);
INSERT INTO sc_choose VALUES (1806100200, 1806100011, 180610001, 0, 0,0);
INSERT INTO sc_choose VALUES (1806107239, 1806100011, 180610001, 0, 0,0);
INSERT INTO sc_choose VALUES (1806100191, 1806100020, 180610002, 0, 0,0);
INSERT INTO sc_choose VALUES (1806100192, 1806100020, 180610002, 0, 0,0);
INSERT INTO sc_choose VALUES (1806100193, 1806100020, 180610002, 0, 0,0);
INSERT INTO sc_choose VALUES (1806100194, 1806100020, 180610002, 0, 0,0);
INSERT INTO sc_choose VALUES (1806100195, 1806100020, 180610002, 0, 0,0);
INSERT INTO sc_choose VALUES (1806100203, 1806100020, 180610002, 0, 0,0);
INSERT INTO sc_choose VALUES (1806100204, 1806100020, 180610002, 0, 0,0);
INSERT INTO sc_choose VALUES (1806100205, 1806100020, 180610002, 0, 0,0);
INSERT INTO sc_choose VALUES (1806100206, 1806100020, 180610002, 0, 0,0);
INSERT INTO sc_choose VALUES (1806100207, 1806100020, 180610002, 0, 0,0);
INSERT INTO sc_choose VALUES (1806100208, 1806100020, 180610002, 0, 0,0);
INSERT INTO sc_choose VALUES (1806100209, 1806100020, 180610002, 0, 0,0);
INSERT INTO sc_choose VALUES (1806100210, 1806100020, 180610002, 0, 0,0);
INSERT INTO sc_choose VALUES (1806100211, 1806100020, 180610002, 0, 0,0);
INSERT INTO sc_choose VALUES (1806100212, 1806100020, 180610002, 0, 0,0);
INSERT INTO sc_choose VALUES (1806100213, 1806100020, 180610002, 0, 0,0);
INSERT INTO sc_choose VALUES (1806100214, 1806100020, 180610002, 0, 0,0);
INSERT INTO sc_choose VALUES (1806100215, 1806100020, 180610002, 0, 0,0);
INSERT INTO sc_choose VALUES (1806100216, 1806100020, 180610002, 0, 0,0);
INSERT INTO sc_choose VALUES (1806100217, 1806100020, 180610002, 0, 0,0);
INSERT INTO sc_choose VALUES (1806100218, 1806100020, 180610002, 0, 0,0);
INSERT INTO sc_choose VALUES (1806100219, 1806100020, 180610002, 0, 0,0);
INSERT INTO sc_choose VALUES (1806100222, 1806100020, 180610002, 0, 0,0);
INSERT INTO sc_choose VALUES (1806100223, 1806100020, 180610002, 0, 0,0);
INSERT INTO sc_choose VALUES (1806100224, 1806100020, 180610002, 0, 0,0);
INSERT INTO sc_choose VALUES (1806100225, 1806100020, 180610002, 0, 0,0);
INSERT INTO sc_choose VALUES (1806100227, 1806100020, 180610002, 0, 0,0);
INSERT INTO sc_choose VALUES (1806100228, 1806100020, 180610002, 0, 0,0);
INSERT INTO sc_choose VALUES (1806100230, 1806100020, 180610002, 0, 0,0);
INSERT INTO sc_choose VALUES (1806100231, 1806100020, 180610002, 0, 0,0);
INSERT INTO sc_choose VALUES (1806100232, 1806100020, 180610002, 0, 0,0);
INSERT INTO sc_choose VALUES (1806100233, 1806100020, 180610002, 0, 0,0);
INSERT INTO sc_choose VALUES (1806100234, 1806100020, 180610002, 0, 0,0);
INSERT INTO sc_choose VALUES (1806100235, 1806100020, 180610002, 0, 0,0);
INSERT INTO sc_choose VALUES (1806100236, 1806100020, 180610002, 0, 0,0);
INSERT INTO sc_choose VALUES (1806100237, 1806100020, 180610002, 0, 0,0);
INSERT INTO sc_choose VALUES (1806100001, 1806100020, 180610002, 0, 0,0);
INSERT INTO sc_choose VALUES (1806100007, 1806100020, 180610002, 0, 0,0);
INSERT INTO sc_choose VALUES (1806100010, 1806100020, 180610002, 0, 0,0);
INSERT INTO sc_choose VALUES (1806100017, 1806100020, 180610002, 0, 0,0);
INSERT INTO sc_choose VALUES (1806100018, 1806100020, 180610002, 0, 0,0);
INSERT INTO sc_choose VALUES (1806100027, 1806100020, 180610002, 0, 0,0);
INSERT INTO sc_choose VALUES (1806100028, 1806100020, 180610002, 0, 0,0);
INSERT INTO sc_choose VALUES (1806100041, 1806100020, 180610002, 0, 0,0);
INSERT INTO sc_choose VALUES (1806100042, 1806100020, 180610002, 0, 0,0);
INSERT INTO sc_choose VALUES (1806100051, 1806100020, 180610002, 0, 0,0);
INSERT INTO sc_choose VALUES (1806100052, 1806100020, 180610002, 0, 0,0);
INSERT INTO sc_choose VALUES (1806100064, 1806100020, 180610002, 0, 0,0);
INSERT INTO sc_choose VALUES (1806100067, 1806100020, 180610002, 0, 0,0);
INSERT INTO sc_choose VALUES (1806100076, 1806100020, 180610002, 0, 0,0);
INSERT INTO sc_choose VALUES (1806100079, 1806100020, 180610002, 0, 0,0);
INSERT INTO sc_choose VALUES (1806100081, 1806100020, 180610002, 0, 0,0);
INSERT INTO sc_choose VALUES (1806100082, 1806100020, 180610002, 0, 0,0);
INSERT INTO sc_choose VALUES (1806100091, 1806100020, 180610002, 0, 0,0);
INSERT INTO sc_choose VALUES (1806100092, 1806100020, 180610002, 0, 0,0);
INSERT INTO sc_choose VALUES (1806100095, 1806100020, 180610002, 0, 0,0);
INSERT INTO sc_choose VALUES (1806100099, 1806100020, 180610002, 0, 0,0);
INSERT INTO sc_choose VALUES (1806100100, 1806100020, 180610002, 0, 0,0);
INSERT INTO sc_choose VALUES (1806100102, 1806100020, 180610002, 0, 0,0);
INSERT INTO sc_choose VALUES (1806100104, 1806100020, 180610002, 0, 0,0);
INSERT INTO sc_choose VALUES (1806100105, 1806100020, 180610002, 0, 0,0);
INSERT INTO sc_choose VALUES (1806100107, 1806100020, 180610002, 0, 0,0);
INSERT INTO sc_choose VALUES (1806100114, 1806100020, 180610002, 0, 0,0);
INSERT INTO sc_choose VALUES (1806100123, 1806100020, 180610002, 0, 0,0);
INSERT INTO sc_choose VALUES (1806100124, 1806100020, 180610002, 0, 0,0);
INSERT INTO sc_choose VALUES (1806100134, 1806100020, 180610002, 0, 0,0);
INSERT INTO sc_choose VALUES (1806100151, 1806100020, 180610002, 0, 0,0);
INSERT INTO sc_choose VALUES (1806100152, 1806100020, 180610002, 0, 0,0);
INSERT INTO sc_choose VALUES (1806100153, 1806100020, 180610002, 0, 0,0);
INSERT INTO sc_choose VALUES (1806100158, 1806100020, 180610002, 0, 0,0);
INSERT INTO sc_choose VALUES (1806100163, 1806100020, 180610002, 0, 0,0);
INSERT INTO sc_choose VALUES (1806100164, 1806100020, 180610002, 0, 0,0);
INSERT INTO sc_choose VALUES (1806100184, 1806100020, 180610002, 0, 0,0);
INSERT INTO sc_choose VALUES (1806100185, 1806100020, 180610002, 0, 0,0);
INSERT INTO sc_choose VALUES (1806100187, 1806100020, 180610002, 0, 0,0);
INSERT INTO sc_choose VALUES (1806100190, 1806100020, 180610002, 0, 0,0);
INSERT INTO sc_choose VALUES (1806100221, 1806100020, 180610002, 0, 0,0);
INSERT INTO sc_choose VALUES (1806100002, 1806100020, 180610002, 0, 0,0);
INSERT INTO sc_choose VALUES (1806100006, 1806100020, 180610002, 0, 0,0);
INSERT INTO sc_choose VALUES (1806100008, 1806100020, 180610002, 0, 0,0);
INSERT INTO sc_choose VALUES (1806100016, 1806100020, 180610002, 0, 0,0);
INSERT INTO sc_choose VALUES (1806100019, 1806100020, 180610002, 0, 0,0);
INSERT INTO sc_choose VALUES (1806100026, 1806100020, 180610002, 0, 0,0);
INSERT INTO sc_choose VALUES (1806100029, 1806100020, 180610002, 0, 0,0);
INSERT INTO sc_choose VALUES (1806100033, 1806100020, 180610002, 0, 0,0);
INSERT INTO sc_choose VALUES (1806100040, 1806100020, 180610002, 0, 0,0);
INSERT INTO sc_choose VALUES (1806100043, 1806100020, 180610002, 0, 0,0);
INSERT INTO sc_choose VALUES (1806100050, 1806100020, 180610002, 0, 0,0);
INSERT INTO sc_choose VALUES (1806100053, 1806100020, 180610002, 0, 0,0);
INSERT INTO sc_choose VALUES (1806100065, 1806100020, 180610002, 0, 0,0);
INSERT INTO sc_choose VALUES (1806100068, 1806100020, 180610002, 0, 0,0);
INSERT INTO sc_choose VALUES (1806100075, 1806100020, 180610002, 0, 0,0);
INSERT INTO sc_choose VALUES (1806100080, 1806100020, 180610002, 0, 0,0);
INSERT INTO sc_choose VALUES (1806100083, 1806100020, 180610002, 0, 0,0);
INSERT INTO sc_choose VALUES (1806100090, 1806100020, 180610002, 0, 0,0);
INSERT INTO sc_choose VALUES (1806100093, 1806100020, 180610002, 0, 0,0);
INSERT INTO sc_choose VALUES (1806100096, 1806100020, 180610002, 0, 0,0);
INSERT INTO sc_choose VALUES (1806100103, 1806100020, 180610002, 0, 0,0);
INSERT INTO sc_choose VALUES (1806100106, 1806100020, 180610002, 0, 0,0);
INSERT INTO sc_choose VALUES (1806100112, 1806100020, 180610002, 0, 0,0);
INSERT INTO sc_choose VALUES (1806100115, 1806100020, 180610002, 0, 0,0);
INSERT INTO sc_choose VALUES (1806100122, 1806100020, 180610002, 0, 0,0);
INSERT INTO sc_choose VALUES (1806100125, 1806100020, 180610002, 0, 0,0);
INSERT INTO sc_choose VALUES (1806100132, 1806100020, 180610002, 0, 0,0);
INSERT INTO sc_choose VALUES (1806100135, 1806100020, 180610002, 0, 0,0);
INSERT INTO sc_choose VALUES (1806100142, 1806100020, 180610002, 0, 0,0);
INSERT INTO sc_choose VALUES (1806100145, 1806100020, 180610002, 0, 0,0);
INSERT INTO sc_choose VALUES (1806100155, 1806100020, 180610002, 0, 0,0);
INSERT INTO sc_choose VALUES (1806100160, 1806100020, 180610002, 0, 0,0);
INSERT INTO sc_choose VALUES (1806100162, 1806100020, 180610002, 0, 0,0);
INSERT INTO sc_choose VALUES (1806100165, 1806100020, 180610002, 0, 0,0);
INSERT INTO sc_choose VALUES (1806100172, 1806100020, 180610002, 0, 0,0);
INSERT INTO sc_choose VALUES (1806100183, 1806100020, 180610002, 0, 0,0);
INSERT INTO sc_choose VALUES (1806100186, 1806100020, 180610002, 0, 0,0);
INSERT INTO sc_choose VALUES (1806100196, 1806100020, 180610002, 0, 0,0);
INSERT INTO sc_choose VALUES (1806100220, 1806100020, 180610002, 0, 0,0);
INSERT INTO sc_choose VALUES (1806100226, 1806100020, 180610002, 0, 0,0);
INSERT INTO sc_choose VALUES (1806100229, 1806100020, 180610002, 0, 0,0);
INSERT INTO sc_choose VALUES (1806100004, 1806100021, 180610002, 0, 0,0);
INSERT INTO sc_choose VALUES (1806100009, 1806100021, 180610002, 0, 0,0);
INSERT INTO sc_choose VALUES (1806100015, 1806100021, 180610002, 0, 0,0);
INSERT INTO sc_choose VALUES (1806100020, 1806100021, 180610002, 0, 0,0);
INSERT INTO sc_choose VALUES (1806100025, 1806100021, 180610002, 0, 0,0);
INSERT INTO sc_choose VALUES (1806100030, 1806100021, 180610002, 0, 0,0);
INSERT INTO sc_choose VALUES (1806100034, 1806100021, 180610002, 0, 0,0);
INSERT INTO sc_choose VALUES (1806100039, 1806100021, 180610002, 0, 0,0);
INSERT INTO sc_choose VALUES (1806100044, 1806100021, 180610002, 0, 0,0);
INSERT INTO sc_choose VALUES (1806100048, 1806100021, 180610002, 0, 0,0);
INSERT INTO sc_choose VALUES (1806100049, 1806100021, 180610002, 0, 0,0);
INSERT INTO sc_choose VALUES (1806100054, 1806100021, 180610002, 0, 0,0);
INSERT INTO sc_choose VALUES (1806100059, 1806100021, 180610002, 0, 0,0);
INSERT INTO sc_choose VALUES (1806100069, 1806100021, 180610002, 0, 0,0);
INSERT INTO sc_choose VALUES (1806100074, 1806100021, 180610002, 0, 0,0);
INSERT INTO sc_choose VALUES (1806100077, 1806100021, 180610002, 0, 0,0);
INSERT INTO sc_choose VALUES (1806100084, 1806100021, 180610002, 0, 0,0);
INSERT INTO sc_choose VALUES (1806100089, 1806100021, 180610002, 0, 0,0);
INSERT INTO sc_choose VALUES (1806100094, 1806100021, 180610002, 0, 0,0);
INSERT INTO sc_choose VALUES (1806100097, 1806100021, 180610002, 0, 0,0);
INSERT INTO sc_choose VALUES (1806100110, 1806100021, 180610002, 0, 0,0);
INSERT INTO sc_choose VALUES (1806100111, 1806100021, 180610002, 0, 0,0);
INSERT INTO sc_choose VALUES (1806100116, 1806100021, 180610002, 0, 0,0);
INSERT INTO sc_choose VALUES (1806100121, 1806100021, 180610002, 0, 0,0);
INSERT INTO sc_choose VALUES (1806100126, 1806100021, 180610002, 0, 0,0);
INSERT INTO sc_choose VALUES (1806100131, 1806100021, 180610002, 0, 0,0);
INSERT INTO sc_choose VALUES (1806100133, 1806100021, 180610002, 0, 0,0);
INSERT INTO sc_choose VALUES (1806100136, 1806100021, 180610002, 0, 0,0);
INSERT INTO sc_choose VALUES (1806100141, 1806100021, 180610002, 0, 0,0);
INSERT INTO sc_choose VALUES (1806100143, 1806100021, 180610002, 0, 0,0);
INSERT INTO sc_choose VALUES (1806100146, 1806100021, 180610002, 0, 0,0);
INSERT INTO sc_choose VALUES (1806100159, 1806100021, 180610002, 0, 0,0);
INSERT INTO sc_choose VALUES (1806100161, 1806100021, 180610002, 0, 0,0);
INSERT INTO sc_choose VALUES (1806100166, 1806100021, 180610002, 0, 0,0);
INSERT INTO sc_choose VALUES (1806100171, 1806100021, 180610002, 0, 0,0);
INSERT INTO sc_choose VALUES (1806100178, 1806100021, 180610002, 0, 0,0);
INSERT INTO sc_choose VALUES (1806100182, 1806100021, 180610002, 0, 0,0);
INSERT INTO sc_choose VALUES (1806100189, 1806100021, 180610002, 0, 0,0);
INSERT INTO sc_choose VALUES (1806100197, 1806100021, 180610002, 0, 0,0);
INSERT INTO sc_choose VALUES (1806100202, 1806100021, 180610002, 0, 0,0);
INSERT INTO sc_choose VALUES (1806100003, 1806100021, 180610002, 0, 0,0);
INSERT INTO sc_choose VALUES (1806100011, 1806100021, 180610002, 0, 0,0);
INSERT INTO sc_choose VALUES (1806100014, 1806100021, 180610002, 0, 0,0);
INSERT INTO sc_choose VALUES (1806100021, 1806100021, 180610002, 0, 0,0);
INSERT INTO sc_choose VALUES (1806100024, 1806100021, 180610002, 0, 0,0);
INSERT INTO sc_choose VALUES (1806100031, 1806100021, 180610002, 0, 0,0);
INSERT INTO sc_choose VALUES (1806100035, 1806100021, 180610002, 0, 0,0);
INSERT INTO sc_choose VALUES (1806100038, 1806100021, 180610002, 0, 0,0);
INSERT INTO sc_choose VALUES (1806100045, 1806100021, 180610002, 0, 0,0);
INSERT INTO sc_choose VALUES (1806100055, 1806100021, 180610002, 0, 0,0);
INSERT INTO sc_choose VALUES (1806100058, 1806100021, 180610002, 0, 0,0);
INSERT INTO sc_choose VALUES (1806100060, 1806100021, 180610002, 0, 0,0);
INSERT INTO sc_choose VALUES (1806100063, 1806100021, 180610002, 0, 0,0);
INSERT INTO sc_choose VALUES (1806100066, 1806100021, 180610002, 0, 0,0);
INSERT INTO sc_choose VALUES (1806100070, 1806100021, 180610002, 0, 0,0);
INSERT INTO sc_choose VALUES (1806100073, 1806100021, 180610002, 0, 0,0);
INSERT INTO sc_choose VALUES (1806100078, 1806100021, 180610002, 0, 0,0);
INSERT INTO sc_choose VALUES (1806100085, 1806100021, 180610002, 0, 0,0);
INSERT INTO sc_choose VALUES (1806100088, 1806100021, 180610002, 0, 0,0);
INSERT INTO sc_choose VALUES (1806100098, 1806100021, 180610002, 0, 0,0);
INSERT INTO sc_choose VALUES (1806100101, 1806100021, 180610002, 0, 0,0);
INSERT INTO sc_choose VALUES (1806100108, 1806100021, 180610002, 0, 0,0);
INSERT INTO sc_choose VALUES (1806100117, 1806100021, 180610002, 0, 0,0);
INSERT INTO sc_choose VALUES (1806100120, 1806100021, 180610002, 0, 0,0);
INSERT INTO sc_choose VALUES (1806100127, 1806100021, 180610002, 0, 0,0);
INSERT INTO sc_choose VALUES (1806100130, 1806100021, 180610002, 0, 0,0);
INSERT INTO sc_choose VALUES (1806100137, 1806100021, 180610002, 0, 0,0);
INSERT INTO sc_choose VALUES (1806100140, 1806100021, 180610002, 0, 0,0);
INSERT INTO sc_choose VALUES (1806100147, 1806100021, 180610002, 0, 0,0);
INSERT INTO sc_choose VALUES (1806100150, 1806100021, 180610002, 0, 0,0);
INSERT INTO sc_choose VALUES (1806100154, 1806100021, 180610002, 0, 0,0);
INSERT INTO sc_choose VALUES (1806100167, 1806100021, 180610002, 0, 0,0);
INSERT INTO sc_choose VALUES (1806100170, 1806100021, 180610002, 0, 0,0);
INSERT INTO sc_choose VALUES (1806100173, 1806100021, 180610002, 0, 0,0);
INSERT INTO sc_choose VALUES (1806100175, 1806100021, 180610002, 0, 0,0);
INSERT INTO sc_choose VALUES (1806100177, 1806100021, 180610002, 0, 0,0);
INSERT INTO sc_choose VALUES (1806100181, 1806100021, 180610002, 0, 0,0);
INSERT INTO sc_choose VALUES (1806100188, 1806100021, 180610002, 0, 0,0);
INSERT INTO sc_choose VALUES (1806100198, 1806100021, 180610002, 0, 0,0);
INSERT INTO sc_choose VALUES (1806100201, 1806100021, 180610002, 0, 0,0);
INSERT INTO sc_choose VALUES (1806100005, 1806100021, 180610002, 0, 0,0);
INSERT INTO sc_choose VALUES (1806100012, 1806100021, 180610002, 0, 0,0);
INSERT INTO sc_choose VALUES (1806100013, 1806100021, 180610002, 0, 0,0);
INSERT INTO sc_choose VALUES (1806100022, 1806100021, 180610002, 0, 0,0);
INSERT INTO sc_choose VALUES (1806100023, 1806100021, 180610002, 0, 0,0);
INSERT INTO sc_choose VALUES (1806100032, 1806100021, 180610002, 0, 0,0);
INSERT INTO sc_choose VALUES (1806100036, 1806100021, 180610002, 0, 0,0);
INSERT INTO sc_choose VALUES (1806100037, 1806100021, 180610002, 0, 0,0);
INSERT INTO sc_choose VALUES (1806100046, 1806100021, 180610002, 0, 0,0);
INSERT INTO sc_choose VALUES (1806100047, 1806100021, 180610002, 0, 0,0);
INSERT INTO sc_choose VALUES (1806100056, 1806100021, 180610002, 0, 0,0);
INSERT INTO sc_choose VALUES (1806100057, 1806100021, 180610002, 0, 0,0);
INSERT INTO sc_choose VALUES (1806100061, 1806100021, 180610002, 0, 0,0);
INSERT INTO sc_choose VALUES (1806100062, 1806100021, 180610002, 0, 0,0);
INSERT INTO sc_choose VALUES (1806100071, 1806100021, 180610002, 0, 0,0);
INSERT INTO sc_choose VALUES (1806100072, 1806100021, 180610002, 0, 0,0);
INSERT INTO sc_choose VALUES (1806100086, 1806100021, 180610002, 0, 0,0);
INSERT INTO sc_choose VALUES (1806100087, 1806100021, 180610002, 0, 0,0);
INSERT INTO sc_choose VALUES (1806100109, 1806100021, 180610002, 0, 0,0);
INSERT INTO sc_choose VALUES (1806100113, 1806100021, 180610002, 0, 0,0);
INSERT INTO sc_choose VALUES (1806100118, 1806100021, 180610002, 0, 0,0);
INSERT INTO sc_choose VALUES (1806100119, 1806100021, 180610002, 0, 0,0);
INSERT INTO sc_choose VALUES (1806100128, 1806100021, 180610002, 0, 0,0);
INSERT INTO sc_choose VALUES (1806100129, 1806100021, 180610002, 0, 0,0);
INSERT INTO sc_choose VALUES (1806100138, 1806100021, 180610002, 0, 0,0);
INSERT INTO sc_choose VALUES (1806100139, 1806100021, 180610002, 0, 0,0);
INSERT INTO sc_choose VALUES (1806100144, 1806100021, 180610002, 0, 0,0);
INSERT INTO sc_choose VALUES (1806100148, 1806100021, 180610002, 0, 0,0);
INSERT INTO sc_choose VALUES (1806100149, 1806100021, 180610002, 0, 0,0);
INSERT INTO sc_choose VALUES (1806100156, 1806100021, 180610002, 0, 0,0);
INSERT INTO sc_choose VALUES (1806100157, 1806100021, 180610002, 0, 0,0);
INSERT INTO sc_choose VALUES (1806100168, 1806100021, 180610002, 0, 0,0);
INSERT INTO sc_choose VALUES (1806100169, 1806100021, 180610002, 0, 0,0);
INSERT INTO sc_choose VALUES (1806100174, 1806100021, 180610002, 0, 0,0);
INSERT INTO sc_choose VALUES (1806100176, 1806100021, 180610002, 0, 0,0);
INSERT INTO sc_choose VALUES (1806100179, 1806100021, 180610002, 0, 0,0);
INSERT INTO sc_choose VALUES (1806100180, 1806100021, 180610002, 0, 0,0);
INSERT INTO sc_choose VALUES (1806100199, 1806100021, 180610002, 0, 0,0);
INSERT INTO sc_choose VALUES (1806100200, 1806100021, 180610002, 0, 0,0);
INSERT INTO sc_choose VALUES (1806107239, 1806100021, 180610002, 0, 0,0);
INSERT INTO sc_choose VALUES (1806100191, 1806000800, 180600080, 0, 0,0);
INSERT INTO sc_choose VALUES (1806100192, 1806000800, 180600080, 0, 0,0);
INSERT INTO sc_choose VALUES (1806100193, 1806000800, 180600080, 0, 0,0);
INSERT INTO sc_choose VALUES (1806100194, 1806000800, 180600080, 0, 0,0);
INSERT INTO sc_choose VALUES (1806100195, 1806000800, 180600080, 0, 0,0);
INSERT INTO sc_choose VALUES (1806100203, 1806000800, 180600080, 0, 0,0);
INSERT INTO sc_choose VALUES (1806100204, 1806000800, 180600080, 0, 0,0);
INSERT INTO sc_choose VALUES (1806100205, 1806000800, 180600080, 0, 0,0);
INSERT INTO sc_choose VALUES (1806100206, 1806000800, 180600080, 0, 0,0);
INSERT INTO sc_choose VALUES (1806100207, 1806000800, 180600080, 0, 0,0);
INSERT INTO sc_choose VALUES (1806100208, 1806000800, 180600080, 0, 0,0);
INSERT INTO sc_choose VALUES (1806100209, 1806000800, 180600080, 0, 0,0);
INSERT INTO sc_choose VALUES (1806100210, 1806000800, 180600080, 0, 0,0);
INSERT INTO sc_choose VALUES (1806100211, 1806000800, 180600080, 0, 0,0);
INSERT INTO sc_choose VALUES (1806100212, 1806000800, 180600080, 0, 0,0);
INSERT INTO sc_choose VALUES (1806100213, 1806000800, 180600080, 0, 0,0);
INSERT INTO sc_choose VALUES (1806100214, 1806000800, 180600080, 0, 0,0);
INSERT INTO sc_choose VALUES (1806100215, 1806000800, 180600080, 0, 0,0);
INSERT INTO sc_choose VALUES (1806100216, 1806000800, 180600080, 0, 0,0);
INSERT INTO sc_choose VALUES (1806100217, 1806000800, 180600080, 0, 0,0);
INSERT INTO sc_choose VALUES (1806100218, 1806000800, 180600080, 0, 0,0);
INSERT INTO sc_choose VALUES (1806100219, 1806000800, 180600080, 0, 0,0);
INSERT INTO sc_choose VALUES (1806100222, 1806000800, 180600080, 0, 0,0);
INSERT INTO sc_choose VALUES (1806100223, 1806000800, 180600080, 0, 0,0);
INSERT INTO sc_choose VALUES (1806100224, 1806000800, 180600080, 0, 0,0);
INSERT INTO sc_choose VALUES (1806100225, 1806000800, 180600080, 0, 0,0);
INSERT INTO sc_choose VALUES (1806100227, 1806000800, 180600080, 0, 0,0);
INSERT INTO sc_choose VALUES (1806100228, 1806000800, 180600080, 0, 0,0);
INSERT INTO sc_choose VALUES (1806100230, 1806000800, 180600080, 0, 0,0);
INSERT INTO sc_choose VALUES (1806100231, 1806000800, 180600080, 0, 0,0);
INSERT INTO sc_choose VALUES (1806100232, 1806000800, 180600080, 0, 0,0);
INSERT INTO sc_choose VALUES (1806100233, 1806000800, 180600080, 0, 0,0);
INSERT INTO sc_choose VALUES (1806100234, 1806000800, 180600080, 0, 0,0);
INSERT INTO sc_choose VALUES (1806100235, 1806000800, 180600080, 0, 0,0);
INSERT INTO sc_choose VALUES (1806100236, 1806000800, 180600080, 0, 0,0);
INSERT INTO sc_choose VALUES (1806100237, 1806000800, 180600080, 0, 0,0);
INSERT INTO sc_choose VALUES (1806100001, 1806000800, 180600080, 0, 0,0);
INSERT INTO sc_choose VALUES (1806100007, 1806000800, 180600080, 0, 0,0);
INSERT INTO sc_choose VALUES (1806100010, 1806000800, 180600080, 0, 0,0);
INSERT INTO sc_choose VALUES (1806100017, 1806000800, 180600080, 0, 0,0);
INSERT INTO sc_choose VALUES (1806100018, 1806000800, 180600080, 0, 0,0);
INSERT INTO sc_choose VALUES (1806100027, 1806000800, 180600080, 0, 0,0);
INSERT INTO sc_choose VALUES (1806100028, 1806000800, 180600080, 0, 0,0);
INSERT INTO sc_choose VALUES (1806100041, 1806000800, 180600080, 0, 0,0);
INSERT INTO sc_choose VALUES (1806100042, 1806000800, 180600080, 0, 0,0);
INSERT INTO sc_choose VALUES (1806100051, 1806000800, 180600080, 0, 0,0);
INSERT INTO sc_choose VALUES (1806100052, 1806000800, 180600080, 0, 0,0);
INSERT INTO sc_choose VALUES (1806100064, 1806000800, 180600080, 0, 0,0);
INSERT INTO sc_choose VALUES (1806100067, 1806000800, 180600080, 0, 0,0);
INSERT INTO sc_choose VALUES (1806100076, 1806000800, 180600080, 0, 0,0);
INSERT INTO sc_choose VALUES (1806100079, 1806000800, 180600080, 0, 0,0);
INSERT INTO sc_choose VALUES (1806100081, 1806000800, 180600080, 0, 0,0);
INSERT INTO sc_choose VALUES (1806100082, 1806000800, 180600080, 0, 0,0);
INSERT INTO sc_choose VALUES (1806100091, 1806000800, 180600080, 0, 0,0);
INSERT INTO sc_choose VALUES (1806100092, 1806000800, 180600080, 0, 0,0);
INSERT INTO sc_choose VALUES (1806100095, 1806000800, 180600080, 0, 0,0);
INSERT INTO sc_choose VALUES (1806100099, 1806000800, 180600080, 0, 0,0);
INSERT INTO sc_choose VALUES (1806100100, 1806000800, 180600080, 0, 0,0);
INSERT INTO sc_choose VALUES (1806100102, 1806000800, 180600080, 0, 0,0);
INSERT INTO sc_choose VALUES (1806100104, 1806000800, 180600080, 0, 0,0);
INSERT INTO sc_choose VALUES (1806100105, 1806000800, 180600080, 0, 0,0);
INSERT INTO sc_choose VALUES (1806100107, 1806000800, 180600080, 0, 0,0);
INSERT INTO sc_choose VALUES (1806100114, 1806000800, 180600080, 0, 0,0);
INSERT INTO sc_choose VALUES (1806100123, 1806000800, 180600080, 0, 0,0);
INSERT INTO sc_choose VALUES (1806100124, 1806000800, 180600080, 0, 0,0);
INSERT INTO sc_choose VALUES (1806100134, 1806000800, 180600080, 0, 0,0);
INSERT INTO sc_choose VALUES (1806100151, 1806000800, 180600080, 0, 0,0);
INSERT INTO sc_choose VALUES (1806100152, 1806000800, 180600080, 0, 0,0);
INSERT INTO sc_choose VALUES (1806100153, 1806000800, 180600080, 0, 0,0);
INSERT INTO sc_choose VALUES (1806100158, 1806000800, 180600080, 0, 0,0);
INSERT INTO sc_choose VALUES (1806100163, 1806000800, 180600080, 0, 0,0);
INSERT INTO sc_choose VALUES (1806100164, 1806000800, 180600080, 0, 0,0);
INSERT INTO sc_choose VALUES (1806100184, 1806000800, 180600080, 0, 0,0);
INSERT INTO sc_choose VALUES (1806100185, 1806000800, 180600080, 0, 0,0);
INSERT INTO sc_choose VALUES (1806100187, 1806000800, 180600080, 0, 0,0);
INSERT INTO sc_choose VALUES (1806100190, 1806000800, 180600080, 0, 0,0);
INSERT INTO sc_choose VALUES (1806100221, 1806000800, 180600080, 0, 0,0);
INSERT INTO sc_choose VALUES (1806100002, 1806000801, 180600080, 0, 0,0);
INSERT INTO sc_choose VALUES (1806100006, 1806000801, 180600080, 0, 0,0);
INSERT INTO sc_choose VALUES (1806100008, 1806000801, 180600080, 0, 0,0);
INSERT INTO sc_choose VALUES (1806100016, 1806000801, 180600080, 0, 0,0);
INSERT INTO sc_choose VALUES (1806100019, 1806000801, 180600080, 0, 0,0);
INSERT INTO sc_choose VALUES (1806100026, 1806000801, 180600080, 0, 0,0);
INSERT INTO sc_choose VALUES (1806100029, 1806000801, 180600080, 0, 0,0);
INSERT INTO sc_choose VALUES (1806100033, 1806000801, 180600080, 0, 0,0);
INSERT INTO sc_choose VALUES (1806100040, 1806000801, 180600080, 0, 0,0);
INSERT INTO sc_choose VALUES (1806100043, 1806000801, 180600080, 0, 0,0);
INSERT INTO sc_choose VALUES (1806100050, 1806000801, 180600080, 0, 0,0);
INSERT INTO sc_choose VALUES (1806100053, 1806000801, 180600080, 0, 0,0);
INSERT INTO sc_choose VALUES (1806100065, 1806000801, 180600080, 0, 0,0);
INSERT INTO sc_choose VALUES (1806100068, 1806000801, 180600080, 0, 0,0);
INSERT INTO sc_choose VALUES (1806100075, 1806000801, 180600080, 0, 0,0);
INSERT INTO sc_choose VALUES (1806100080, 1806000801, 180600080, 0, 0,0);
INSERT INTO sc_choose VALUES (1806100083, 1806000801, 180600080, 0, 0,0);
INSERT INTO sc_choose VALUES (1806100090, 1806000801, 180600080, 0, 0,0);
INSERT INTO sc_choose VALUES (1806100093, 1806000801, 180600080, 0, 0,0);
INSERT INTO sc_choose VALUES (1806100096, 1806000801, 180600080, 0, 0,0);
INSERT INTO sc_choose VALUES (1806100103, 1806000801, 180600080, 0, 0,0);
INSERT INTO sc_choose VALUES (1806100106, 1806000801, 180600080, 0, 0,0);
INSERT INTO sc_choose VALUES (1806100112, 1806000801, 180600080, 0, 0,0);
INSERT INTO sc_choose VALUES (1806100115, 1806000801, 180600080, 0, 0,0);
INSERT INTO sc_choose VALUES (1806100122, 1806000801, 180600080, 0, 0,0);
INSERT INTO sc_choose VALUES (1806100125, 1806000801, 180600080, 0, 0,0);
INSERT INTO sc_choose VALUES (1806100132, 1806000801, 180600080, 0, 0,0);
INSERT INTO sc_choose VALUES (1806100135, 1806000801, 180600080, 0, 0,0);
INSERT INTO sc_choose VALUES (1806100142, 1806000801, 180600080, 0, 0,0);
INSERT INTO sc_choose VALUES (1806100145, 1806000801, 180600080, 0, 0,0);
INSERT INTO sc_choose VALUES (1806100155, 1806000801, 180600080, 0, 0,0);
INSERT INTO sc_choose VALUES (1806100160, 1806000801, 180600080, 0, 0,0);
INSERT INTO sc_choose VALUES (1806100162, 1806000801, 180600080, 0, 0,0);
INSERT INTO sc_choose VALUES (1806100165, 1806000801, 180600080, 0, 0,0);
INSERT INTO sc_choose VALUES (1806100172, 1806000801, 180600080, 0, 0,0);
INSERT INTO sc_choose VALUES (1806100183, 1806000801, 180600080, 0, 0,0);
INSERT INTO sc_choose VALUES (1806100186, 1806000801, 180600080, 0, 0,0);
INSERT INTO sc_choose VALUES (1806100196, 1806000801, 180600080, 0, 0,0);
INSERT INTO sc_choose VALUES (1806100220, 1806000801, 180600080, 0, 0,0);
INSERT INTO sc_choose VALUES (1806100226, 1806000801, 180600080, 0, 0,0);
INSERT INTO sc_choose VALUES (1806100229, 1806000801, 180600080, 0, 0,0);
INSERT INTO sc_choose VALUES (1806100004, 1806000801, 180600080, 0, 0,0);
INSERT INTO sc_choose VALUES (1806100009, 1806000801, 180600080, 0, 0,0);
INSERT INTO sc_choose VALUES (1806100015, 1806000801, 180600080, 0, 0,0);
INSERT INTO sc_choose VALUES (1806100020, 1806000801, 180600080, 0, 0,0);
INSERT INTO sc_choose VALUES (1806100025, 1806000801, 180600080, 0, 0,0);
INSERT INTO sc_choose VALUES (1806100030, 1806000801, 180600080, 0, 0,0);
INSERT INTO sc_choose VALUES (1806100034, 1806000801, 180600080, 0, 0,0);
INSERT INTO sc_choose VALUES (1806100039, 1806000801, 180600080, 0, 0,0);
INSERT INTO sc_choose VALUES (1806100044, 1806000801, 180600080, 0, 0,0);
INSERT INTO sc_choose VALUES (1806100048, 1806000801, 180600080, 0, 0,0);
INSERT INTO sc_choose VALUES (1806100049, 1806000801, 180600080, 0, 0,0);
INSERT INTO sc_choose VALUES (1806100054, 1806000801, 180600080, 0, 0,0);
INSERT INTO sc_choose VALUES (1806100059, 1806000801, 180600080, 0, 0,0);
INSERT INTO sc_choose VALUES (1806100069, 1806000801, 180600080, 0, 0,0);
INSERT INTO sc_choose VALUES (1806100074, 1806000801, 180600080, 0, 0,0);
INSERT INTO sc_choose VALUES (1806100077, 1806000801, 180600080, 0, 0,0);
INSERT INTO sc_choose VALUES (1806100084, 1806000801, 180600080, 0, 0,0);
INSERT INTO sc_choose VALUES (1806100089, 1806000801, 180600080, 0, 0,0);
INSERT INTO sc_choose VALUES (1806100094, 1806000801, 180600080, 0, 0,0);
INSERT INTO sc_choose VALUES (1806100097, 1806000801, 180600080, 0, 0,0);
INSERT INTO sc_choose VALUES (1806100110, 1806000801, 180600080, 0, 0,0);
INSERT INTO sc_choose VALUES (1806100111, 1806000801, 180600080, 0, 0,0);
INSERT INTO sc_choose VALUES (1806100116, 1806000801, 180600080, 0, 0,0);
INSERT INTO sc_choose VALUES (1806100121, 1806000801, 180600080, 0, 0,0);
INSERT INTO sc_choose VALUES (1806100126, 1806000801, 180600080, 0, 0,0);
INSERT INTO sc_choose VALUES (1806100131, 1806000801, 180600080, 0, 0,0);
INSERT INTO sc_choose VALUES (1806100133, 1806000801, 180600080, 0, 0,0);
INSERT INTO sc_choose VALUES (1806100136, 1806000801, 180600080, 0, 0,0);
INSERT INTO sc_choose VALUES (1806100141, 1806000801, 180600080, 0, 0,0);
INSERT INTO sc_choose VALUES (1806100143, 1806000801, 180600080, 0, 0,0);
INSERT INTO sc_choose VALUES (1806100146, 1806000801, 180600080, 0, 0,0);
INSERT INTO sc_choose VALUES (1806100159, 1806000801, 180600080, 0, 0,0);
INSERT INTO sc_choose VALUES (1806100161, 1806000801, 180600080, 0, 0,0);
INSERT INTO sc_choose VALUES (1806100166, 1806000801, 180600080, 0, 0,0);
INSERT INTO sc_choose VALUES (1806100171, 1806000801, 180600080, 0, 0,0);
INSERT INTO sc_choose VALUES (1806100178, 1806000801, 180600080, 0, 0,0);
INSERT INTO sc_choose VALUES (1806100182, 1806000801, 180600080, 0, 0,0);
INSERT INTO sc_choose VALUES (1806100189, 1806000801, 180600080, 0, 0,0);
INSERT INTO sc_choose VALUES (1806100197, 1806000801, 180600080, 0, 0,0);
INSERT INTO sc_choose VALUES (1806100202, 1806000801, 180600080, 0, 0,0);
INSERT INTO sc_choose VALUES (1806100003, 1806000802, 180600080, 0, 0,0);
INSERT INTO sc_choose VALUES (1806100011, 1806000802, 180600080, 0, 0,0);
INSERT INTO sc_choose VALUES (1806100014, 1806000802, 180600080, 0, 0,0);
INSERT INTO sc_choose VALUES (1806100021, 1806000802, 180600080, 0, 0,0);
INSERT INTO sc_choose VALUES (1806100024, 1806000802, 180600080, 0, 0,0);
INSERT INTO sc_choose VALUES (1806100031, 1806000802, 180600080, 0, 0,0);
INSERT INTO sc_choose VALUES (1806100035, 1806000802, 180600080, 0, 0,0);
INSERT INTO sc_choose VALUES (1806100038, 1806000802, 180600080, 0, 0,0);
INSERT INTO sc_choose VALUES (1806100045, 1806000802, 180600080, 0, 0,0);
INSERT INTO sc_choose VALUES (1806100055, 1806000802, 180600080, 0, 0,0);
INSERT INTO sc_choose VALUES (1806100058, 1806000802, 180600080, 0, 0,0);
INSERT INTO sc_choose VALUES (1806100060, 1806000802, 180600080, 0, 0,0);
INSERT INTO sc_choose VALUES (1806100063, 1806000802, 180600080, 0, 0,0);
INSERT INTO sc_choose VALUES (1806100066, 1806000802, 180600080, 0, 0,0);
INSERT INTO sc_choose VALUES (1806100070, 1806000802, 180600080, 0, 0,0);
INSERT INTO sc_choose VALUES (1806100073, 1806000802, 180600080, 0, 0,0);
INSERT INTO sc_choose VALUES (1806100078, 1806000802, 180600080, 0, 0,0);
INSERT INTO sc_choose VALUES (1806100085, 1806000802, 180600080, 0, 0,0);
INSERT INTO sc_choose VALUES (1806100088, 1806000802, 180600080, 0, 0,0);
INSERT INTO sc_choose VALUES (1806100098, 1806000802, 180600080, 0, 0,0);
INSERT INTO sc_choose VALUES (1806100101, 1806000802, 180600080, 0, 0,0);
INSERT INTO sc_choose VALUES (1806100108, 1806000802, 180600080, 0, 0,0);
INSERT INTO sc_choose VALUES (1806100117, 1806000802, 180600080, 0, 0,0);
INSERT INTO sc_choose VALUES (1806100120, 1806000802, 180600080, 0, 0,0);
INSERT INTO sc_choose VALUES (1806100127, 1806000802, 180600080, 0, 0,0);
INSERT INTO sc_choose VALUES (1806100130, 1806000802, 180600080, 0, 0,0);
INSERT INTO sc_choose VALUES (1806100137, 1806000802, 180600080, 0, 0,0);
INSERT INTO sc_choose VALUES (1806100140, 1806000802, 180600080, 0, 0,0);
INSERT INTO sc_choose VALUES (1806100147, 1806000802, 180600080, 0, 0,0);
INSERT INTO sc_choose VALUES (1806100150, 1806000802, 180600080, 0, 0,0);
INSERT INTO sc_choose VALUES (1806100154, 1806000802, 180600080, 0, 0,0);
INSERT INTO sc_choose VALUES (1806100167, 1806000802, 180600080, 0, 0,0);
INSERT INTO sc_choose VALUES (1806100170, 1806000802, 180600080, 0, 0,0);
INSERT INTO sc_choose VALUES (1806100173, 1806000802, 180600080, 0, 0,0);
INSERT INTO sc_choose VALUES (1806100175, 1806000802, 180600080, 0, 0,0);
INSERT INTO sc_choose VALUES (1806100177, 1806000802, 180600080, 0, 0,0);
INSERT INTO sc_choose VALUES (1806100181, 1806000802, 180600080, 0, 0,0);
INSERT INTO sc_choose VALUES (1806100188, 1806000802, 180600080, 0, 0,0);
INSERT INTO sc_choose VALUES (1806100198, 1806000802, 180600080, 0, 0,0);
INSERT INTO sc_choose VALUES (1806100201, 1806000802, 180600080, 0, 0,0);
INSERT INTO sc_choose VALUES (1806100005, 1806000802, 180600080, 0, 0,0);
INSERT INTO sc_choose VALUES (1806100012, 1806000802, 180600080, 0, 0,0);
INSERT INTO sc_choose VALUES (1806100013, 1806000802, 180600080, 0, 0,0);
INSERT INTO sc_choose VALUES (1806100022, 1806000802, 180600080, 0, 0,0);
INSERT INTO sc_choose VALUES (1806100023, 1806000802, 180600080, 0, 0,0);
INSERT INTO sc_choose VALUES (1806100032, 1806000802, 180600080, 0, 0,0);
INSERT INTO sc_choose VALUES (1806100036, 1806000802, 180600080, 0, 0,0);
INSERT INTO sc_choose VALUES (1806100037, 1806000802, 180600080, 0, 0,0);
INSERT INTO sc_choose VALUES (1806100046, 1806000802, 180600080, 0, 0,0);
INSERT INTO sc_choose VALUES (1806100047, 1806000802, 180600080, 0, 0,0);
INSERT INTO sc_choose VALUES (1806100056, 1806000802, 180600080, 0, 0,0);
INSERT INTO sc_choose VALUES (1806100057, 1806000802, 180600080, 0, 0,0);
INSERT INTO sc_choose VALUES (1806100061, 1806000802, 180600080, 0, 0,0);
INSERT INTO sc_choose VALUES (1806100062, 1806000802, 180600080, 0, 0,0);
INSERT INTO sc_choose VALUES (1806100071, 1806000802, 180600080, 0, 0,0);
INSERT INTO sc_choose VALUES (1806100072, 1806000802, 180600080, 0, 0,0);
INSERT INTO sc_choose VALUES (1806100086, 1806000802, 180600080, 0, 0,0);
INSERT INTO sc_choose VALUES (1806100087, 1806000802, 180600080, 0, 0,0);
INSERT INTO sc_choose VALUES (1806100109, 1806000802, 180600080, 0, 0,0);
INSERT INTO sc_choose VALUES (1806100113, 1806000802, 180600080, 0, 0,0);
INSERT INTO sc_choose VALUES (1806100118, 1806000802, 180600080, 0, 0,0);
INSERT INTO sc_choose VALUES (1806100119, 1806000802, 180600080, 0, 0,0);
INSERT INTO sc_choose VALUES (1806100128, 1806000802, 180600080, 0, 0,0);
INSERT INTO sc_choose VALUES (1806100129, 1806000802, 180600080, 0, 0,0);
INSERT INTO sc_choose VALUES (1806100138, 1806000802, 180600080, 0, 0,0);
INSERT INTO sc_choose VALUES (1806100139, 1806000802, 180600080, 0, 0,0);
INSERT INTO sc_choose VALUES (1806100144, 1806000802, 180600080, 0, 0,0);
INSERT INTO sc_choose VALUES (1806100148, 1806000802, 180600080, 0, 0,0);
INSERT INTO sc_choose VALUES (1806100149, 1806000802, 180600080, 0, 0,0);
INSERT INTO sc_choose VALUES (1806100156, 1806000802, 180600080, 0, 0,0);
INSERT INTO sc_choose VALUES (1806100157, 1806000802, 180600080, 0, 0,0);
INSERT INTO sc_choose VALUES (1806100168, 1806000802, 180600080, 0, 0,0);
INSERT INTO sc_choose VALUES (1806100169, 1806000802, 180600080, 0, 0,0);
INSERT INTO sc_choose VALUES (1806100174, 1806000802, 180600080, 0, 0,0);
INSERT INTO sc_choose VALUES (1806100176, 1806000802, 180600080, 0, 0,0);
INSERT INTO sc_choose VALUES (1806100179, 1806000802, 180600080, 0, 0,0);
INSERT INTO sc_choose VALUES (1806100180, 1806000802, 180600080, 0, 0,0);
INSERT INTO sc_choose VALUES (1806100199, 1806000802, 180600080, 0, 0,0);
INSERT INTO sc_choose VALUES (1806100200, 1806000802, 180600080, 0, 0,0);
INSERT INTO sc_choose VALUES (1806107239, 1806000802, 180600080, 0, 0,0);
INSERT INTO sc_choose VALUES (1806100191, 1806000810, 180600081, 0, 0,0);
INSERT INTO sc_choose VALUES (1806100192, 1806000810, 180600081, 0, 0,0);
INSERT INTO sc_choose VALUES (1806100193, 1806000810, 180600081, 0, 0,0);
INSERT INTO sc_choose VALUES (1806100194, 1806000810, 180600081, 0, 0,0);
INSERT INTO sc_choose VALUES (1806100195, 1806000810, 180600081, 0, 0,0);
INSERT INTO sc_choose VALUES (1806100203, 1806000810, 180600081, 0, 0,0);
INSERT INTO sc_choose VALUES (1806100204, 1806000810, 180600081, 0, 0,0);
INSERT INTO sc_choose VALUES (1806100205, 1806000810, 180600081, 0, 0,0);
INSERT INTO sc_choose VALUES (1806100206, 1806000810, 180600081, 0, 0,0);
INSERT INTO sc_choose VALUES (1806100207, 1806000810, 180600081, 0, 0,0);
INSERT INTO sc_choose VALUES (1806100208, 1806000810, 180600081, 0, 0,0);
INSERT INTO sc_choose VALUES (1806100209, 1806000810, 180600081, 0, 0,0);
INSERT INTO sc_choose VALUES (1806100210, 1806000810, 180600081, 0, 0,0);
INSERT INTO sc_choose VALUES (1806100211, 1806000810, 180600081, 0, 0,0);
INSERT INTO sc_choose VALUES (1806100212, 1806000810, 180600081, 0, 0,0);
INSERT INTO sc_choose VALUES (1806100213, 1806000810, 180600081, 0, 0,0);
INSERT INTO sc_choose VALUES (1806100214, 1806000810, 180600081, 0, 0,0);
INSERT INTO sc_choose VALUES (1806100215, 1806000810, 180600081, 0, 0,0);
INSERT INTO sc_choose VALUES (1806100216, 1806000810, 180600081, 0, 0,0);
INSERT INTO sc_choose VALUES (1806100217, 1806000810, 180600081, 0, 0,0);
INSERT INTO sc_choose VALUES (1806100218, 1806000810, 180600081, 0, 0,0);
INSERT INTO sc_choose VALUES (1806100219, 1806000810, 180600081, 0, 0,0);
INSERT INTO sc_choose VALUES (1806100222, 1806000810, 180600081, 0, 0,0);
INSERT INTO sc_choose VALUES (1806100223, 1806000810, 180600081, 0, 0,0);
INSERT INTO sc_choose VALUES (1806100224, 1806000810, 180600081, 0, 0,0);
INSERT INTO sc_choose VALUES (1806100225, 1806000810, 180600081, 0, 0,0);
INSERT INTO sc_choose VALUES (1806100227, 1806000810, 180600081, 0, 0,0);
INSERT INTO sc_choose VALUES (1806100228, 1806000810, 180600081, 0, 0,0);
INSERT INTO sc_choose VALUES (1806100230, 1806000810, 180600081, 0, 0,0);
INSERT INTO sc_choose VALUES (1806100231, 1806000810, 180600081, 0, 0,0);
INSERT INTO sc_choose VALUES (1806100232, 1806000810, 180600081, 0, 0,0);
INSERT INTO sc_choose VALUES (1806100233, 1806000810, 180600081, 0, 0,0);
INSERT INTO sc_choose VALUES (1806100234, 1806000810, 180600081, 0, 0,0);
INSERT INTO sc_choose VALUES (1806100235, 1806000810, 180600081, 0, 0,0);
INSERT INTO sc_choose VALUES (1806100236, 1806000810, 180600081, 0, 0,0);
INSERT INTO sc_choose VALUES (1806100237, 1806000810, 180600081, 0, 0,0);
INSERT INTO sc_choose VALUES (1806100001, 1806000810, 180600081, 0, 0,0);
INSERT INTO sc_choose VALUES (1806100007, 1806000810, 180600081, 0, 0,0);
INSERT INTO sc_choose VALUES (1806100010, 1806000810, 180600081, 0, 0,0);
INSERT INTO sc_choose VALUES (1806100017, 1806000810, 180600081, 0, 0,0);
INSERT INTO sc_choose VALUES (1806100018, 1806000810, 180600081, 0, 0,0);
INSERT INTO sc_choose VALUES (1806100027, 1806000810, 180600081, 0, 0,0);
INSERT INTO sc_choose VALUES (1806100028, 1806000810, 180600081, 0, 0,0);
INSERT INTO sc_choose VALUES (1806100041, 1806000810, 180600081, 0, 0,0);
INSERT INTO sc_choose VALUES (1806100042, 1806000810, 180600081, 0, 0,0);
INSERT INTO sc_choose VALUES (1806100051, 1806000810, 180600081, 0, 0,0);
INSERT INTO sc_choose VALUES (1806100052, 1806000810, 180600081, 0, 0,0);
INSERT INTO sc_choose VALUES (1806100064, 1806000810, 180600081, 0, 0,0);
INSERT INTO sc_choose VALUES (1806100067, 1806000810, 180600081, 0, 0,0);
INSERT INTO sc_choose VALUES (1806100076, 1806000810, 180600081, 0, 0,0);
INSERT INTO sc_choose VALUES (1806100079, 1806000810, 180600081, 0, 0,0);
INSERT INTO sc_choose VALUES (1806100081, 1806000810, 180600081, 0, 0,0);
INSERT INTO sc_choose VALUES (1806100082, 1806000810, 180600081, 0, 0,0);
INSERT INTO sc_choose VALUES (1806100091, 1806000810, 180600081, 0, 0,0);
INSERT INTO sc_choose VALUES (1806100092, 1806000810, 180600081, 0, 0,0);
INSERT INTO sc_choose VALUES (1806100095, 1806000810, 180600081, 0, 0,0);
INSERT INTO sc_choose VALUES (1806100099, 1806000810, 180600081, 0, 0,0);
INSERT INTO sc_choose VALUES (1806100100, 1806000810, 180600081, 0, 0,0);
INSERT INTO sc_choose VALUES (1806100102, 1806000810, 180600081, 0, 0,0);
INSERT INTO sc_choose VALUES (1806100104, 1806000810, 180600081, 0, 0,0);
INSERT INTO sc_choose VALUES (1806100105, 1806000810, 180600081, 0, 0,0);
INSERT INTO sc_choose VALUES (1806100107, 1806000810, 180600081, 0, 0,0);
INSERT INTO sc_choose VALUES (1806100114, 1806000810, 180600081, 0, 0,0);
INSERT INTO sc_choose VALUES (1806100123, 1806000810, 180600081, 0, 0,0);
INSERT INTO sc_choose VALUES (1806100124, 1806000810, 180600081, 0, 0,0);
INSERT INTO sc_choose VALUES (1806100134, 1806000810, 180600081, 0, 0,0);
INSERT INTO sc_choose VALUES (1806100151, 1806000810, 180600081, 0, 0,0);
INSERT INTO sc_choose VALUES (1806100152, 1806000810, 180600081, 0, 0,0);
INSERT INTO sc_choose VALUES (1806100153, 1806000810, 180600081, 0, 0,0);
INSERT INTO sc_choose VALUES (1806100158, 1806000810, 180600081, 0, 0,0);
INSERT INTO sc_choose VALUES (1806100163, 1806000810, 180600081, 0, 0,0);
INSERT INTO sc_choose VALUES (1806100164, 1806000810, 180600081, 0, 0,0);
INSERT INTO sc_choose VALUES (1806100184, 1806000810, 180600081, 0, 0,0);
INSERT INTO sc_choose VALUES (1806100185, 1806000810, 180600081, 0, 0,0);
INSERT INTO sc_choose VALUES (1806100187, 1806000810, 180600081, 0, 0,0);
INSERT INTO sc_choose VALUES (1806100190, 1806000810, 180600081, 0, 0,0);
INSERT INTO sc_choose VALUES (1806100221, 1806000810, 180600081, 0, 0,0);
INSERT INTO sc_choose VALUES (1806100002, 1806000811, 180600081, 0, 0,0);
INSERT INTO sc_choose VALUES (1806100006, 1806000811, 180600081, 0, 0,0);
INSERT INTO sc_choose VALUES (1806100008, 1806000811, 180600081, 0, 0,0);
INSERT INTO sc_choose VALUES (1806100016, 1806000811, 180600081, 0, 0,0);
INSERT INTO sc_choose VALUES (1806100019, 1806000811, 180600081, 0, 0,0);
INSERT INTO sc_choose VALUES (1806100026, 1806000811, 180600081, 0, 0,0);
INSERT INTO sc_choose VALUES (1806100029, 1806000811, 180600081, 0, 0,0);
INSERT INTO sc_choose VALUES (1806100033, 1806000811, 180600081, 0, 0,0);
INSERT INTO sc_choose VALUES (1806100040, 1806000811, 180600081, 0, 0,0);
INSERT INTO sc_choose VALUES (1806100043, 1806000811, 180600081, 0, 0,0);
INSERT INTO sc_choose VALUES (1806100050, 1806000811, 180600081, 0, 0,0);
INSERT INTO sc_choose VALUES (1806100053, 1806000811, 180600081, 0, 0,0);
INSERT INTO sc_choose VALUES (1806100065, 1806000811, 180600081, 0, 0,0);
INSERT INTO sc_choose VALUES (1806100068, 1806000811, 180600081, 0, 0,0);
INSERT INTO sc_choose VALUES (1806100075, 1806000811, 180600081, 0, 0,0);
INSERT INTO sc_choose VALUES (1806100080, 1806000811, 180600081, 0, 0,0);
INSERT INTO sc_choose VALUES (1806100083, 1806000811, 180600081, 0, 0,0);
INSERT INTO sc_choose VALUES (1806100090, 1806000811, 180600081, 0, 0,0);
INSERT INTO sc_choose VALUES (1806100093, 1806000811, 180600081, 0, 0,0);
INSERT INTO sc_choose VALUES (1806100096, 1806000811, 180600081, 0, 0,0);
INSERT INTO sc_choose VALUES (1806100103, 1806000811, 180600081, 0, 0,0);
INSERT INTO sc_choose VALUES (1806100106, 1806000811, 180600081, 0, 0,0);
INSERT INTO sc_choose VALUES (1806100112, 1806000811, 180600081, 0, 0,0);
INSERT INTO sc_choose VALUES (1806100115, 1806000811, 180600081, 0, 0,0);
INSERT INTO sc_choose VALUES (1806100122, 1806000811, 180600081, 0, 0,0);
INSERT INTO sc_choose VALUES (1806100125, 1806000811, 180600081, 0, 0,0);
INSERT INTO sc_choose VALUES (1806100132, 1806000811, 180600081, 0, 0,0);
INSERT INTO sc_choose VALUES (1806100135, 1806000811, 180600081, 0, 0,0);
INSERT INTO sc_choose VALUES (1806100142, 1806000811, 180600081, 0, 0,0);
INSERT INTO sc_choose VALUES (1806100145, 1806000811, 180600081, 0, 0,0);
INSERT INTO sc_choose VALUES (1806100155, 1806000811, 180600081, 0, 0,0);
INSERT INTO sc_choose VALUES (1806100160, 1806000811, 180600081, 0, 0,0);
INSERT INTO sc_choose VALUES (1806100162, 1806000811, 180600081, 0, 0,0);
INSERT INTO sc_choose VALUES (1806100165, 1806000811, 180600081, 0, 0,0);
INSERT INTO sc_choose VALUES (1806100172, 1806000811, 180600081, 0, 0,0);
INSERT INTO sc_choose VALUES (1806100183, 1806000811, 180600081, 0, 0,0);
INSERT INTO sc_choose VALUES (1806100186, 1806000811, 180600081, 0, 0,0);
INSERT INTO sc_choose VALUES (1806100196, 1806000811, 180600081, 0, 0,0);
INSERT INTO sc_choose VALUES (1806100220, 1806000811, 180600081, 0, 0,0);
INSERT INTO sc_choose VALUES (1806100226, 1806000811, 180600081, 0, 0,0);
INSERT INTO sc_choose VALUES (1806100229, 1806000811, 180600081, 0, 0,0);
INSERT INTO sc_choose VALUES (1806100004, 1806000811, 180600081, 0, 0,0);
INSERT INTO sc_choose VALUES (1806100009, 1806000811, 180600081, 0, 0,0);
INSERT INTO sc_choose VALUES (1806100015, 1806000811, 180600081, 0, 0,0);
INSERT INTO sc_choose VALUES (1806100020, 1806000811, 180600081, 0, 0,0);
INSERT INTO sc_choose VALUES (1806100025, 1806000811, 180600081, 0, 0,0);
INSERT INTO sc_choose VALUES (1806100030, 1806000811, 180600081, 0, 0,0);
INSERT INTO sc_choose VALUES (1806100034, 1806000811, 180600081, 0, 0,0);
INSERT INTO sc_choose VALUES (1806100039, 1806000811, 180600081, 0, 0,0);
INSERT INTO sc_choose VALUES (1806100044, 1806000811, 180600081, 0, 0,0);
INSERT INTO sc_choose VALUES (1806100048, 1806000811, 180600081, 0, 0,0);
INSERT INTO sc_choose VALUES (1806100049, 1806000811, 180600081, 0, 0,0);
INSERT INTO sc_choose VALUES (1806100054, 1806000811, 180600081, 0, 0,0);
INSERT INTO sc_choose VALUES (1806100059, 1806000811, 180600081, 0, 0,0);
INSERT INTO sc_choose VALUES (1806100069, 1806000811, 180600081, 0, 0,0);
INSERT INTO sc_choose VALUES (1806100074, 1806000811, 180600081, 0, 0,0);
INSERT INTO sc_choose VALUES (1806100077, 1806000811, 180600081, 0, 0,0);
INSERT INTO sc_choose VALUES (1806100084, 1806000811, 180600081, 0, 0,0);
INSERT INTO sc_choose VALUES (1806100089, 1806000811, 180600081, 0, 0,0);
INSERT INTO sc_choose VALUES (1806100094, 1806000811, 180600081, 0, 0,0);
INSERT INTO sc_choose VALUES (1806100097, 1806000811, 180600081, 0, 0,0);
INSERT INTO sc_choose VALUES (1806100110, 1806000811, 180600081, 0, 0,0);
INSERT INTO sc_choose VALUES (1806100111, 1806000811, 180600081, 0, 0,0);
INSERT INTO sc_choose VALUES (1806100116, 1806000811, 180600081, 0, 0,0);
INSERT INTO sc_choose VALUES (1806100121, 1806000811, 180600081, 0, 0,0);
INSERT INTO sc_choose VALUES (1806100126, 1806000811, 180600081, 0, 0,0);
INSERT INTO sc_choose VALUES (1806100131, 1806000811, 180600081, 0, 0,0);
INSERT INTO sc_choose VALUES (1806100133, 1806000811, 180600081, 0, 0,0);
INSERT INTO sc_choose VALUES (1806100136, 1806000811, 180600081, 0, 0,0);
INSERT INTO sc_choose VALUES (1806100141, 1806000811, 180600081, 0, 0,0);
INSERT INTO sc_choose VALUES (1806100143, 1806000811, 180600081, 0, 0,0);
INSERT INTO sc_choose VALUES (1806100146, 1806000811, 180600081, 0, 0,0);
INSERT INTO sc_choose VALUES (1806100159, 1806000811, 180600081, 0, 0,0);
INSERT INTO sc_choose VALUES (1806100161, 1806000811, 180600081, 0, 0,0);
INSERT INTO sc_choose VALUES (1806100166, 1806000811, 180600081, 0, 0,0);
INSERT INTO sc_choose VALUES (1806100171, 1806000811, 180600081, 0, 0,0);
INSERT INTO sc_choose VALUES (1806100178, 1806000811, 180600081, 0, 0,0);
INSERT INTO sc_choose VALUES (1806100182, 1806000811, 180600081, 0, 0,0);
INSERT INTO sc_choose VALUES (1806100189, 1806000811, 180600081, 0, 0,0);
INSERT INTO sc_choose VALUES (1806100197, 1806000811, 180600081, 0, 0,0);
INSERT INTO sc_choose VALUES (1806100202, 1806000811, 180600081, 0, 0,0);
INSERT INTO sc_choose VALUES (1806100003, 1806000812, 180600081, 0, 0,0);
INSERT INTO sc_choose VALUES (1806100011, 1806000812, 180600081, 0, 0,0);
INSERT INTO sc_choose VALUES (1806100014, 1806000812, 180600081, 0, 0,0);
INSERT INTO sc_choose VALUES (1806100021, 1806000812, 180600081, 0, 0,0);
INSERT INTO sc_choose VALUES (1806100024, 1806000812, 180600081, 0, 0,0);
INSERT INTO sc_choose VALUES (1806100031, 1806000812, 180600081, 0, 0,0);
INSERT INTO sc_choose VALUES (1806100035, 1806000812, 180600081, 0, 0,0);
INSERT INTO sc_choose VALUES (1806100038, 1806000812, 180600081, 0, 0,0);
INSERT INTO sc_choose VALUES (1806100045, 1806000812, 180600081, 0, 0,0);
INSERT INTO sc_choose VALUES (1806100055, 1806000812, 180600081, 0, 0,0);
INSERT INTO sc_choose VALUES (1806100058, 1806000812, 180600081, 0, 0,0);
INSERT INTO sc_choose VALUES (1806100060, 1806000812, 180600081, 0, 0,0);
INSERT INTO sc_choose VALUES (1806100063, 1806000812, 180600081, 0, 0,0);
INSERT INTO sc_choose VALUES (1806100066, 1806000812, 180600081, 0, 0,0);
INSERT INTO sc_choose VALUES (1806100070, 1806000812, 180600081, 0, 0,0);
INSERT INTO sc_choose VALUES (1806100073, 1806000812, 180600081, 0, 0,0);
INSERT INTO sc_choose VALUES (1806100078, 1806000812, 180600081, 0, 0,0);
INSERT INTO sc_choose VALUES (1806100085, 1806000812, 180600081, 0, 0,0);
INSERT INTO sc_choose VALUES (1806100088, 1806000812, 180600081, 0, 0,0);
INSERT INTO sc_choose VALUES (1806100098, 1806000812, 180600081, 0, 0,0);
INSERT INTO sc_choose VALUES (1806100101, 1806000812, 180600081, 0, 0,0);
INSERT INTO sc_choose VALUES (1806100108, 1806000812, 180600081, 0, 0,0);
INSERT INTO sc_choose VALUES (1806100117, 1806000812, 180600081, 0, 0,0);
INSERT INTO sc_choose VALUES (1806100120, 1806000812, 180600081, 0, 0,0);
INSERT INTO sc_choose VALUES (1806100127, 1806000812, 180600081, 0, 0,0);
INSERT INTO sc_choose VALUES (1806100130, 1806000812, 180600081, 0, 0,0);
INSERT INTO sc_choose VALUES (1806100137, 1806000812, 180600081, 0, 0,0);
INSERT INTO sc_choose VALUES (1806100140, 1806000812, 180600081, 0, 0,0);
INSERT INTO sc_choose VALUES (1806100147, 1806000812, 180600081, 0, 0,0);
INSERT INTO sc_choose VALUES (1806100150, 1806000812, 180600081, 0, 0,0);
INSERT INTO sc_choose VALUES (1806100154, 1806000812, 180600081, 0, 0,0);
INSERT INTO sc_choose VALUES (1806100167, 1806000812, 180600081, 0, 0,0);
INSERT INTO sc_choose VALUES (1806100170, 1806000812, 180600081, 0, 0,0);
INSERT INTO sc_choose VALUES (1806100173, 1806000812, 180600081, 0, 0,0);
INSERT INTO sc_choose VALUES (1806100175, 1806000812, 180600081, 0, 0,0);
INSERT INTO sc_choose VALUES (1806100177, 1806000812, 180600081, 0, 0,0);
INSERT INTO sc_choose VALUES (1806100181, 1806000812, 180600081, 0, 0,0);
INSERT INTO sc_choose VALUES (1806100188, 1806000812, 180600081, 0, 0,0);
INSERT INTO sc_choose VALUES (1806100198, 1806000812, 180600081, 0, 0,0);
INSERT INTO sc_choose VALUES (1806100201, 1806000812, 180600081, 0, 0,0);
INSERT INTO sc_choose VALUES (1806100005, 1806000812, 180600081, 0, 0,0);
INSERT INTO sc_choose VALUES (1806100012, 1806000812, 180600081, 0, 0,0);
INSERT INTO sc_choose VALUES (1806100013, 1806000812, 180600081, 0, 0,0);
INSERT INTO sc_choose VALUES (1806100022, 1806000812, 180600081, 0, 0,0);
INSERT INTO sc_choose VALUES (1806100023, 1806000812, 180600081, 0, 0,0);
INSERT INTO sc_choose VALUES (1806100032, 1806000812, 180600081, 0, 0,0);
INSERT INTO sc_choose VALUES (1806100036, 1806000812, 180600081, 0, 0,0);
INSERT INTO sc_choose VALUES (1806100037, 1806000812, 180600081, 0, 0,0);
INSERT INTO sc_choose VALUES (1806100046, 1806000812, 180600081, 0, 0,0);
INSERT INTO sc_choose VALUES (1806100047, 1806000812, 180600081, 0, 0,0);
INSERT INTO sc_choose VALUES (1806100056, 1806000812, 180600081, 0, 0,0);
INSERT INTO sc_choose VALUES (1806100057, 1806000812, 180600081, 0, 0,0);
INSERT INTO sc_choose VALUES (1806100061, 1806000812, 180600081, 0, 0,0);
INSERT INTO sc_choose VALUES (1806100062, 1806000812, 180600081, 0, 0,0);
INSERT INTO sc_choose VALUES (1806100071, 1806000812, 180600081, 0, 0,0);
INSERT INTO sc_choose VALUES (1806100072, 1806000812, 180600081, 0, 0,0);
INSERT INTO sc_choose VALUES (1806100086, 1806000812, 180600081, 0, 0,0);
INSERT INTO sc_choose VALUES (1806100087, 1806000812, 180600081, 0, 0,0);
INSERT INTO sc_choose VALUES (1806100109, 1806000812, 180600081, 0, 0,0);
INSERT INTO sc_choose VALUES (1806100113, 1806000812, 180600081, 0, 0,0);
INSERT INTO sc_choose VALUES (1806100118, 1806000812, 180600081, 0, 0,0);
INSERT INTO sc_choose VALUES (1806100119, 1806000812, 180600081, 0, 0,0);
INSERT INTO sc_choose VALUES (1806100128, 1806000812, 180600081, 0, 0,0);
INSERT INTO sc_choose VALUES (1806100129, 1806000812, 180600081, 0, 0,0);
INSERT INTO sc_choose VALUES (1806100138, 1806000812, 180600081, 0, 0,0);
INSERT INTO sc_choose VALUES (1806100139, 1806000812, 180600081, 0, 0,0);
INSERT INTO sc_choose VALUES (1806100144, 1806000812, 180600081, 0, 0,0);
INSERT INTO sc_choose VALUES (1806100148, 1806000812, 180600081, 0, 0,0);
INSERT INTO sc_choose VALUES (1806100149, 1806000812, 180600081, 0, 0,0);
INSERT INTO sc_choose VALUES (1806100156, 1806000812, 180600081, 0, 0,0);
INSERT INTO sc_choose VALUES (1806100157, 1806000812, 180600081, 0, 0,0);
INSERT INTO sc_choose VALUES (1806100168, 1806000812, 180600081, 0, 0,0);
INSERT INTO sc_choose VALUES (1806100169, 1806000812, 180600081, 0, 0,0);
INSERT INTO sc_choose VALUES (1806100174, 1806000812, 180600081, 0, 0,0);
INSERT INTO sc_choose VALUES (1806100176, 1806000812, 180600081, 0, 0,0);
INSERT INTO sc_choose VALUES (1806100179, 1806000812, 180600081, 0, 0,0);
INSERT INTO sc_choose VALUES (1806100180, 1806000812, 180600081, 0, 0,0);
INSERT INTO sc_choose VALUES (1806100199, 1806000812, 180600081, 0, 0,0);
INSERT INTO sc_choose VALUES (1806100200, 1806000812, 180600081, 0, 0,0);
INSERT INTO sc_choose VALUES (1806107239, 1806000812, 180600081, 0, 0,0);
